text,label,named_entities
Concerned Citizens Party,PARTY,"[('Concerned Citizens Party', 'ORG')]"
"Bell, Dale",PERSON,"[('Bell', 'ORG'), ('Dale', 'PERSON')]"
"Smykowski, George James",PERSON,"[('Smykowski', 'ORG'), ('George James', 'PERSON')]"
"Carraro, Joseph (Joe)",PERSON,"[('Carraro', 'ORG'), ('Joseph (Joe', 'PERSON')]"
"Kopetski, Michael Joseph (Mike)",PERSON,"[('Kopetski', 'PERSON'), ('Michael Joseph', 'PERSON'), ('Mike', 'PERSON')]"
"Schauer, Mark",PERSON,"[('Mark', 'PERSON')]"
"Patterson, Elizabeth Johnston  (Liz)",PERSON,"[('Patterson', 'PERSON'), ('Elizabeth Johnston', 'PERSON'), ('Liz', 'PERSON')]"
"Fuller Clark, Martha",PERSON,"[('Fuller Clark', 'PERSON'), ('Martha', 'PERSON')]"
"Nolan, Rick",PERSON,"[('Nolan', 'ORG'), ('Rick', 'PERSON')]"
"Durkin, John Anthony",PERSON,"[('John Anthony', 'PERSON')]"
"Shepard, Taze",PERSON,[]
"Scofield, Sandra K.",PERSON,"[('Scofield', 'GPE'), ('Sandra K.', 'PERSON')]"
"Faught, George",PERSON,"[('George', 'PERSON')]"
Republican Party of Minnesota,ORG,"[('Republican Party of Minnesota', 'ORG')]"
Democratic Party of Wisconsin,ORG,"[('Democratic Party of Wisconsin', 'ORG')]"
"Capps, Walter H.",PERSON,"[('Capps', 'PERSON'), ('Walter H.', 'PERSON')]"
"Forrester, Douglas (Doug)",PERSON,"[('Forrester', 'ORG'), ('Douglas', 'PERSON')]"
South Dakota Republican State Committee,ORG,"[('South Dakota', 'GPE'), ('State Committee', 'ORG')]"
"Jones, Charles P. (Charlie)",PERSON,"[('Charles P.', 'PERSON'), ('Charlie', 'PERSON')]"
"Duke, David",PERSON,"[('Duke', 'ORG'), ('David', 'PERSON')]"
"Ross, Alan",PERSON,"[('Ross', 'PERSON'), ('Alan', 'PERSON')]"
"MacMillan, Colin",PERSON,"[('MacMillan', 'ORG'), ('Colin', 'PERSON')]"
"Darias, Alicia",PERSON,"[('Alicia', 'PERSON')]"
"Winters, Brent",PERSON,"[('Winters', 'ORG'), ('Brent', 'PERSON')]"
"Hoff, Philip Henderson",PERSON,"[('Philip Henderson', 'PERSON')]"
Grassroots Party,PARTY,"[('Grassroots Party', 'ORG')]"
"Maag, Gordon",PERSON,"[('Gordon', 'PERSON')]"
"Maye, Vivian",PERSON,"[('Maye', 'PERSON'), ('Vivian', 'NORP')]"
Mississippi,GPE,"[('Mississippi', 'GPE')]"
"Phillips, Vel R.",PERSON,"[('Phillips', 'ORG'), ('Vel R.', 'PERSON')]"
"McColl, Bill",PERSON,"[('McColl', 'ORG'), ('Bill', 'PERSON')]"
"Sharpe, Mark",PERSON,"[('Sharpe', 'PERSON'), ('Mark', 'PERSON')]"
"Salier, Bill",PERSON,"[('Bill', 'PERSON')]"
"Johnson, Timothy Peter (Tim)",PERSON,"[('Johnson', 'PERSON'), ('Timothy Peter', 'PERSON'), ('Tim', 'PERSON')]"
"Travers, F. Warren",PERSON,"[('F. Warren', 'PERSON')]"
"Keating, Francis Anthony (Frank)",PERSON,"[('Keating', 'GPE'), ('Francis Anthony', 'PERSON'), ('Frank', 'PERSON')]"
"Mike, Pence",PERSON,"[('Mike', 'PERSON'), ('Pence', 'PERSON')]"
"Nelson, Chris",PERSON,"[('Nelson', 'PERSON'), ('Chris', 'PERSON')]"
"Holshof, Kenny",PERSON,"[('Holshof', 'PERSON'), ('Kenny', 'GPE')]"
Herb Kohl for U.S. Senate Campaign,ORG,"[('Herb Kohl', 'PERSON'), ('U.S. Senate Campaign', 'ORG')]"
"Danforth, John Claggett",PERSON,"[('Danforth', 'PERSON'), ('John Claggett', 'PERSON')]"
"Dalton, Walter",PERSON,"[('Dalton', 'PERSON'), ('Walter', 'PERSON')]"
"Gray, Kenneth J.",PERSON,"[('Kenneth J.', 'PERSON')]"
"Schinella, Anthony",PERSON,"[('Anthony', 'PERSON')]"
"Smith, Harri Anne",PERSON,"[('Smith', 'GPE'), ('Harri Anne', 'PERSON')]"
"Tedisco, Jim",PERSON,"[('Tedisco', 'ORG'), ('Jim', 'PERSON')]"
"Chroman, Larry",PERSON,"[('Chroman', 'PERSON'), ('Larry', 'PERSON')]"
"Cunningham, Randy Duke",PERSON,"[('Cunningham', 'ORG'), ('Randy Duke', 'PERSON')]"
"Fisher, Greg",PERSON,[]
"Simpson, Mike",PERSON,"[('Simpson', 'PERSON'), ('Mike', 'PERSON')]"
Oregon Democrats,ORG,"[('Oregon', 'GPE'), ('Democrats', 'NORP')]"
"Van Natta, Ralph W.",PERSON,"[('Van Natta', 'PERSON'), ('Ralph W.', 'PERSON')]"
"Yarbrough, William Mayo (Bill)",PERSON,"[('Yarbrough', 'GPE'), ('William Mayo', 'PERSON'), ('Bill', 'PERSON')]"
"Yarmuth, John",PERSON,"[('John', 'PERSON')]"
"Hatfield, Mark Odom",PERSON,"[('Hatfield', 'PERSON'), ('Mark Odom', 'PERSON')]"
"Washington, Robert E. (Bob)",PERSON,"[('Washington', 'GPE'), ('Robert E. (', 'PERSON'), ('Bob', 'PERSON')]"
"Ruppersberger, Charles Albert (Dutch)",PERSON,"[('Charles Albert', 'PERSON'), ('Dutch', 'NORP')]"
"Templeman, Mike",PERSON,"[('Templeman', 'GPE'), ('Mike', 'PERSON')]"
"Shallcross, Deborah",PERSON,"[('Deborah', 'PERSON')]"
"Young, Cliff",PERSON,[]
"Oxner, Mark",PERSON,"[('Mark', 'PERSON')]"
"Hughes, Judy",PERSON,"[('Hughes', 'ORG'), ('Judy', 'PERSON')]"
Democratic National Committee,ORG,"[('Democratic National Committee', 'ORG')]"
"Corzine, Jon Stevens",PERSON,"[('Jon Stevens', 'PERSON')]"
Fund for a Conservative Majority,ORG,[]
Florida,GPE,"[('Florida', 'GPE')]"
"Johnson, Sam",PERSON,"[('Johnson', 'PERSON'), ('Sam', 'PERSON')]"
"McCline, Jameel",PERSON,"[('McCline', 'ORG'), ('Jameel', 'PERSON')]"
"Schaus, Nick",PERSON,"[('Schaus', 'GPE'), ('Nick', 'PERSON')]"
"Colvin, Milton",PERSON,"[('Colvin', 'PERSON'), ('Milton', 'PERSON')]"
"Doctor, Jeff",PERSON,"[('Jeff', 'PERSON')]"
"Dombkowski, Adam",PERSON,"[('Adam', 'PERSON')]"
"Weldon, Wayne Curtis (Curt)",PERSON,"[('Weldon', 'GPE'), ('Wayne Curtis', 'PERSON')]"
"Moak, Steve",PERSON,"[('Steve', 'PERSON')]"
"Broyhill, Ed",PERSON,"[('Ed', 'PERSON')]"
"Stedem, Mike",PERSON,"[('Mike', 'PERSON')]"
"Ziegler, Eugene N.",PERSON,"[('Ziegler', 'PERSON'), ('Eugene N.', 'PERSON')]"
North Dakota,GPE,"[('North Dakota', 'LOC')]"
"Jones, Walter Beaman, Jr. ",PERSON,"[('Walter Beaman', 'PERSON')]"
"Carson, Brad",PERSON,"[('Carson', 'PERSON'), ('Brad', 'PERSON')]"
"Morrison, Sidney Wallace (Sid)",PERSON,"[('Morrison', 'PERSON'), ('Sidney Wallace', 'PERSON'), ('Sid', 'PERSON')]"
"Schrader, Kurt",PERSON,"[('Kurt', 'PERSON')]"
"Gilbreath, Wes",PERSON,"[('Wes', 'PERSON')]"
"Battin, James (James Franklin)",PERSON,"[('Battin', 'GPE'), ('James', 'PERSON'), ('James Franklin', 'PERSON')]"
"Eckhart, Don Elijah",PERSON,"[('Eckhart', 'ORG'), ('Don Elijah', 'PERSON')]"
"Isakson, John Hardy (Johnny)",PERSON,"[('Isakson', 'ORG'), ('John Hardy', 'PERSON'), ('Johnny', 'PERSON')]"
"Rammell, Rex",PERSON,"[('Rammell', 'ORG'), ('Rex', 'PERSON')]"
"Rigell, Scott",PERSON,"[('Rigell', 'ORG'), ('Scott', 'PERSON')]"
"Comstock Riley, Dorothy",PERSON,"[('Comstock Riley', 'PERSON'), ('Dorothy', 'PERSON')]"
"Boyda, Nancy",PERSON,"[('Nancy', 'PERSON')]"
"Hertel, Dennis M.",PERSON,"[('Dennis M.', 'PERSON')]"
"Huff, Richard H.",PERSON,"[('Richard H.', 'PERSON')]"
"Latham, Thomas Paul (Tom)",PERSON,"[('Latham', 'GPE'), ('Thomas Paul', 'PERSON'), ('Tom', 'PERSON')]"
Mark McKinnon,ORG,"[('Mark McKinnon', 'PERSON')]"
"Moran, Jerry",PERSON,"[('Moran', 'PERSON'), ('Jerry', 'PERSON')]"
"Florio, James J. (Jim)",PERSON,"[('Florio', 'PERSON'), ('James J. (', 'PERSON'), ('Jim', 'PERSON')]"
"Long, Matt",PERSON,"[('Matt', 'PERSON')]"
"Dumas, Gerard F.",PERSON,"[('Dumas', 'PERSON'), ('Gerard F.', 'PERSON')]"
"McGowan, Patrick K. (Pat)",PERSON,"[('McGowan', 'GPE'), ('Patrick K. (', 'PERSON'), ('Pat', 'PERSON')]"
"Cooper, James Ralph (Jim)",PERSON,"[('Cooper', 'PERSON'), ('James Ralph', 'PERSON'), ('Jim', 'PERSON')]"
"Green, John",PERSON,"[('John', 'PERSON')]"
"Bade, Jack",PERSON,"[('Jack', 'PERSON')]"
"Bera, Ami",PERSON,"[('Ami', 'PERSON')]"
"Noriega, Richard Joel (Rick)",PERSON,"[('Noriega', 'PERSON'), ('Richard Joel', 'PERSON'), ('Rick', 'PERSON')]"
"Smyser, Skip",PERSON,[]
The Coalition: Americans Working for Real Change,ORG,[]
"Heidepriem, Scott Nelson",PERSON,"[('Scott Nelson', 'PERSON')]"
"Issa, Darrell E.",PERSON,[]
"Dewhurst, David",PERSON,"[('Dewhurst', 'NORP'), ('David', 'PERSON')]"
"Haas, Rene",PERSON,"[('Rene', 'PERSON')]"
"Thune, John Randolph",PERSON,"[('John Randolph', 'PERSON')]"
"Marshall, Elaine",PERSON,"[('Marshall', 'PERSON'), ('Elaine', 'PERSON')]"
"Rehberg, Dennis Ray (Denny)",PERSON,"[('Rehberg', 'PERSON'), ('Dennis Ray', 'PERSON'), ('Denny', 'GPE')]"
"Bono, Mary",PERSON,"[('Mary', 'PERSON')]"
"Tabor, Eric",PERSON,"[('Eric', 'PERSON')]"
"Dutton, Delvis William",PERSON,"[('Dutton', 'PERSON'), ('Delvis William', 'PERSON')]"
United States Chamber Of Commerce,ORG,"[('United States Chamber Of Commerce', 'ORG')]"
"Snowe, Olympia Jean Bouchles",PERSON,"[('Snowe', 'ORG'), ('Olympia Jean Bouchles', 'PERSON')]"
"Hartke, Rupert Vance",PERSON,"[('Rupert Vance', 'PERSON')]"
John Stone for Congress,ORG,"[('John Stone', 'PERSON'), ('Congress', 'ORG')]"
"Carney, Patrick J.",PERSON,"[('Patrick J.', 'PERSON')]"
"Garza, Tony",PERSON,"[('Garza', 'PERSON'), ('Tony', 'PERSON')]"
"Kellem, Kevin",PERSON,"[('Kellem', 'GPE'), ('Kevin', 'PERSON')]"
"Babbitt, Wayne Hubert",PERSON,"[('Babbitt', 'ORG'), ('Wayne Hubert', 'PERSON')]"
"Willner, Don S.",PERSON,"[('Willner', 'PERSON'), ('Don S.', 'PERSON')]"
Crossroads Grassroots Policy Strategies,ORG,[]
"Delay, Tom",PERSON,"[('Delay', 'PERSON'), ('Tom', 'PERSON')]"
Tennessee Republican Party,ORG,"[('Tennessee', 'GPE'), ('Republican Party', 'ORG')]"
"Golub, Shirley",PERSON,"[('Shirley', 'PERSON')]"
"Diamond, William G.",PERSON,"[('Diamond', 'GPE'), ('William G.', 'PERSON')]"
"Smith, Sheila",PERSON,"[('Smith', 'GPE'), ('Sheila', 'PERSON')]"
"Eskind, Jane Greenebaum",PERSON,"[('Jane Greenebaum', 'PERSON')]"
"Hurlbert, Clyde",PERSON,"[('Hurlbert', 'PERSON'), ('Clyde', 'GPE')]"
"Hair, Mattax",PERSON,"[('Mattax', 'ORG')]"
"Hahn, Janice",PERSON,"[('Janice', 'ORG')]"
National Association of Realtors PAC,ORG,"[('National Association of Realtors', 'ORG')]"
"Norton, Gale Ann",PERSON,"[('Norton', 'ORG'), ('Gale Ann', 'PERSON')]"
"Crooks, Patrick",PERSON,"[('Patrick', 'PERSON')]"
"Harrison, Ed",PERSON,"[('Ed', 'PERSON')]"
"Dahl, Demar",PERSON,"[('Demar', 'PERSON')]"
"Nagle, David Ray (Dave)",PERSON,"[('Nagle', 'ORG'), ('David Ray', 'PERSON'), ('Dave', 'PERSON')]"
"Salomon, Jim",PERSON,"[('Salomon', 'ORG'), ('Jim', 'PERSON')]"
"Delaney, John",PERSON,"[('Delaney', 'LAW'), ('John', 'PERSON')]"
"Pidcock, Robert",PERSON,"[('Pidcock', 'PERSON'), ('Robert', 'PERSON')]"
"Hogan, Lawrence Joseph (Larry)",PERSON,"[('Lawrence Joseph', 'PERSON'), ('Larry', 'PERSON')]"
"Percy, Charles Harting",PERSON,"[('Percy', 'PERSON'), ('Charles Harting', 'PERSON')]"
"Brickley, David Guy",PERSON,"[('Brickley', 'ORG'), ('David Guy', 'PERSON')]"
"Hogan, Lawrence Joseph (Larry)",PERSON,"[('Lawrence Joseph', 'PERSON'), ('Larry', 'PERSON')]"
"Temperley, Matt",PERSON,"[('Temperley', 'ORG'), ('Matt', 'PERSON')]"
"Pickett, Elizabeth",PERSON,"[('Elizabeth', 'PERSON')]"
"Edmondson, James Howard (J. Howard)",PERSON,"[('Edmondson', 'ORG'), ('James Howard', 'PERSON'), ('J. Howard', 'PERSON')]"
"Margett, Bob",PERSON,"[('Margett', 'PERSON'), ('Bob', 'PERSON')]"
"Darrow, Russ",PERSON,"[('Russ', 'PERSON')]"
"Thomas, Julie",PERSON,"[('Thomas', 'PERSON'), ('Julie', 'PERSON')]"
Kansas,GPE,"[('Kansas', 'GPE')]"
"Matsui, Robert Takeo (Bob)",PERSON,"[('Matsui', 'ORG'), ('Robert Takeo', 'PERSON'), ('Bob', 'PERSON')]"
Anti-Mark Udall,ORG,"[('Anti-Mark Udall', 'PERSON')]"
"Garman, Rita B.",PERSON,"[('Garman', 'PERSON'), ('Rita B.', 'PERSON')]"
"Belskis, Lawrence",PERSON,"[('Lawrence', 'PERSON')]"
The Campaign for Working Families,ORG,"[('The Campaign for Working Families', 'ORG')]"
"Valenta, Frank",PERSON,"[('Valenta', 'PERSON'), ('Frank', 'PERSON')]"
"Feldkamp, Jim",PERSON,"[('Jim', 'PERSON')]"
"Gravel, Maurice Robert (Mike)",PERSON,"[('Maurice Robert', 'PERSON'), ('Mike', 'PERSON')]"
"Abbott, James W. (Jim)",PERSON,"[('Abbott', 'PERSON'), ('James W.', 'PERSON'), ('Jim', 'PERSON')]"
"Royer, Bill",PERSON,"[('Bill', 'PERSON')]"
"Bailey, Don",PERSON,"[('Bailey', 'ORG'), ('Don', 'PERSON')]"
"Unsoeld, Jolene",PERSON,"[('Unsoeld', 'GPE'), ('Jolene', 'PERSON')]"
"Dorsey, Jack",PERSON,"[('Dorsey', 'PERSON'), ('Jack', 'PERSON')]"
"Shaheen, Jeanne",PERSON,"[('Jeanne', 'PERSON')]"
"Welty, Harry Robb",PERSON,"[('Welty', 'GPE'), ('Harry Robb', 'PERSON')]"
"Didrickson, Loleta",PERSON,"[('Didrickson, Loleta', 'ORG')]"
"Griffin, Tim",PERSON,"[('Griffin', 'GPE'), ('Tim', 'PERSON')]"
"Talbot, Michael",PERSON,"[('Talbot', 'GPE'), ('Michael', 'PERSON')]"
"Noah, Matt",PERSON,"[('Matt', 'PERSON')]"
"Briggs, Ruth M.",PERSON,"[('Briggs', 'PERSON'), ('Ruth M.', 'PERSON')]"
"Finkbeiner, Carlton S. (Carty)",PERSON,"[('Carlton S. (', 'PERSON'), ('Carty', 'PERSON')]"
"Fadeley, Edward Norman",PERSON,"[('Fadeley', 'ORG'), ('Edward Norman', 'PERSON')]"
"Edgar, Robert William (Bob)",PERSON,"[('Edgar', 'PERSON'), ('Robert William', 'PERSON'), ('Bob', 'PERSON')]"
"Schipske, Gerrie",PERSON,"[('Gerrie', 'PERSON')]"
Delaware Democratic State Committee,ORG,"[('Delaware Democratic State Committee', 'ORG')]"
"Simon, Norton Winfred",PERSON,"[('Simon', 'PERSON'), ('Norton Winfred', 'PERSON')]"
"Humphreys, Kirk",PERSON,"[('Humphreys', 'PERSON'), ('Kirk', 'PERSON')]"
"Gibbons, Jim",PERSON,"[('Jim', 'PERSON')]"
"Melancon, Charles Joseph (Charlie)",PERSON,"[('Melancon', 'PERSON'), ('Charles Joseph', 'PERSON'), ('Charlie', 'PERSON')]"
National Conservative PAC,ORG,"[('National Conservative', 'ORG')]"
"Skaggs, Miller, David, Pat",PERSON,"[('Skaggs', 'ORG'), ('Miller', 'PERSON'), ('David', 'PERSON'), ('Pat', 'PERSON')]"
"Curran, John J.",PERSON,"[('John J.', 'PERSON')]"
"Price, Stuart",PERSON,"[('Stuart', 'ORG')]"
"Hovde, Eric",PERSON,"[('Eric', 'PERSON')]"
Matt Goetten for Congress 2012,ORG,"[('Matt Goetten', 'PERSON'), ('Congress', 'ORG'), ('2012', 'DATE')]"
"Bitter Smith, Susan",PERSON,"[('Bitter Smith', 'PERSON'), ('Susan', 'PERSON')]"
"Fletcher, Ernest Lee (Ernie)",PERSON,"[('Ernest Lee', 'PERSON'), ('Ernie', 'ORG')]"
"Fisher, Ovie Clark (O.C.)",PERSON,"[('Ovie Clark', 'PERSON'), ('O.C.', 'GPE')]"
"Erickson, John Edward",PERSON,"[('Erickson', 'PERSON'), ('John Edward', 'PERSON')]"
"Kennedy, Joe",PERSON,"[('Kennedy', 'PERSON'), ('Joe', 'PERSON')]"
"Matheson, James David (Jim)",PERSON,"[('Matheson', 'PERSON'), ('James David', 'PERSON'), ('Jim', 'PERSON')]"
"Rainville, Martha T.",PERSON,"[('Rainville', 'GPE'), ('Martha T.', 'PERSON')]"
"Rose, Robert Edgar",PERSON,"[('Robert Edgar', 'PERSON')]"
NRA-PVF,ORG,"[('NRA', 'GPE')]"
"Spears, Terry",PERSON,"[('Terry', 'PERSON')]"
"Hollowell, Melvin",PERSON,"[('Hollowell', 'PERSON'), ('Melvin', 'PERSON')]"
"Feeney, Tom",PERSON,"[('Feeney', 'ORG'), ('Tom', 'PERSON')]"
"Stoner, Thomas H.",PERSON,"[('Stoner', 'ORG'), ('Thomas H.', 'PERSON')]"
Beatty for Congress,ORG,"[('Congress', 'ORG')]"
"Mecham, Evan",PERSON,"[('Mecham', 'PERSON'), ('Evan', 'PERSON')]"
"Dawkins, Peter Miller",PERSON,"[('Peter Miller', 'PERSON')]"
"Whitfield, Wayne Edward (Ed)",PERSON,"[('Whitfield', 'PERSON'), ('Wayne Edward', 'PERSON'), ('Ed', 'PERSON')]"
"Canfield, Roger",PERSON,"[('Canfield', 'ORG'), ('Roger', 'PERSON')]"
"Dickey, Dickey, Jay W., Jr.",PERSON,"[('Dickey', 'GPE'), ('Dickey', 'GPE'), ('Jay W., Jr.', 'PERSON')]"
"Bivens, Don",PERSON,"[('Don', 'PERSON')]"
Henry Ross Republican for Congress ,ORG,"[('Henry Ross', 'PERSON'), ('Republican', 'NORP'), ('Congress', 'ORG')]"
"Jeffrey, Christina",PERSON,"[('Jeffrey', 'PERSON'), ('Christina', 'PERSON')]"
"Babcock, Tim",PERSON,"[('Babcock', 'PERSON'), ('Tim', 'PERSON')]"
"Benjamin, Brent",PERSON,"[('Benjamin, Brent', 'ORG')]"
"Stump, Robert Lee (Bob)",PERSON,"[('Robert Lee', 'PERSON'), ('Bob', 'PERSON')]"
"Jefferson, Wallace",PERSON,"[('Jefferson', 'PERSON'), ('Wallace', 'PERSON')]"
"Peacock, Bill",PERSON,"[('Bill', 'PERSON')]"
"Hunt, James Baxter Jr. (Jim)",PERSON,"[('Hunt', 'PERSON'), ('James Baxter Jr.', 'PERSON'), ('Jim', 'PERSON')]"
"Willis, Larryann C.",PERSON,"[('Willis', 'NORP'), ('Larryann C.', 'PERSON')]"
"Thomas, David",PERSON,"[('Thomas', 'PERSON'), ('David', 'PERSON')]"
"Allison, Gary D.",PERSON,"[('Allison', 'PERSON'), ('Gary D.', 'PERSON')]"
"Corwin, Jane",PERSON,"[('Jane', 'PERSON')]"
"Carne, Rick",PERSON,"[('Carne', 'PERSON'), ('Rick', 'PERSON')]"
"Demers, Jim",PERSON,"[('Jim', 'PERSON')]"
"Johnson, Brook",PERSON,"[('Johnson', 'PERSON'), ('Brook', 'ORG')]"
"Gilmore, James Stuart, III",PERSON,"[('James Stuart', 'PERSON')]"
"Pomeroy, Earl Ralph, III",PERSON,"[('Earl Ralph', 'PERSON'), ('III', 'ORG')]"
Jeff Sessions for Senate,ORG,"[('Jeff Sessions', 'PERSON'), ('Senate', 'ORG')]"
"Doss, Harry",PERSON,"[('Doss', 'PERSON'), ('Harry', 'PERSON')]"
"Calvert, Bill",PERSON,"[('Calvert', 'PERSON'), ('Bill', 'PERSON')]"
"Koehler, Judy",PERSON,"[('Koehler', 'ORG'), ('Judy', 'PERSON')]"
"Johnson, Bernette",PERSON,"[('Johnson', 'PERSON'), ('Bernette', 'PERSON')]"
"Johnson, Nancy Elizabeth Lee",PERSON,"[('Johnson', 'PERSON'), ('Nancy Elizabeth Lee', 'PERSON')]"
"Bridgewater, Tim",PERSON,"[('Tim', 'PERSON')]"
Citizens for common sense in Nat' defense,ORG,"[('Nat', 'PERSON')]"
"Weldon, David Joseph (Dave)",PERSON,"[('Weldon', 'GPE'), ('David Joseph', 'PERSON'), ('Dave', 'PERSON')]"
"Mikkelsen, Alan",PERSON,"[('Mikkelsen', 'PERSON'), ('Alan', 'PERSON')]"
"Murphy, Ian",PERSON,"[('Murphy', 'PERSON'), ('Ian', 'PERSON')]"
"Graf, Randy L.",PERSON,"[('Graf', 'PERSON'), ('Randy L.', 'PERSON')]"
"Brannen, Barney",PERSON,"[('Brannen', 'PERSON'), ('Barney', 'PERSON')]"
Foundation For Responsible Government,ORG,"[('Foundation For Responsible Government', 'ORG')]"
"Perrecone, Frank",PERSON,"[('Perrecone', 'ORG'), ('Frank', 'PERSON')]"
"Connell, John Joseph (Joseph)",PERSON,"[('Connell', 'ORG'), ('John Joseph', 'PERSON'), ('Joseph', 'PERSON')]"
"Roth, Tobias Anton (Toby)",PERSON,"[('Roth', 'PERSON'), ('Tobias Anton', 'PERSON')]"
"Alton, Duane",PERSON,"[('Alton', 'GPE'), ('Duane', 'PERSON')]"
Humane USA Political Action Comm,ORG,"[('Humane USA Political Action Comm', 'ORG')]"
"Pocan, Mark",PERSON,"[('Pocan', 'GPE'), ('Mark', 'PERSON')]"
"Davis, David",PERSON,"[('Davis', 'PERSON'), ('David', 'PERSON')]"
"Sweetser, Susan W.",PERSON,"[('Sweetser', 'ORG'), ('Susan W.', 'PERSON')]"
"Bull, Chip",PERSON,[]
"Nussle, James Allen (Jim)",PERSON,"[('Nussle', 'GPE'), ('James Allen', 'PERSON'), ('Jim', 'PERSON')]"
"Wallace, George Corley",PERSON,"[('Wallace', 'PERSON'), ('George Corley', 'PERSON')]"
United Seniors Association,ORG,"[('United Seniors Association', 'ORG')]"
"Snow, Karl Nelson, Jr.",PERSON,"[('Karl Nelson', 'PERSON'), ('Jr.', 'PERSON')]"
"Skoch, Bernie",PERSON,"[('Bernie', 'PERSON')]"
"Brewser, Bill K.",PERSON,"[('Bill K.', 'PERSON')]"
Reform Voter Project,ORG,[]
"McCallum, Linda",PERSON,"[('Linda', 'PERSON')]"
"Cornyn, John",PERSON,"[('John', 'PERSON')]"
"Johnson, Sven",PERSON,"[('Johnson', 'PERSON'), ('Sven', 'CARDINAL')]"
"Renacci, Jim",PERSON,"[('Jim', 'PERSON')]"
"Center, Tony",PERSON,"[('Tony', 'PERSON')]"
"Lingle, Linda",PERSON,"[('Lingle', 'ORG'), ('Linda', 'PERSON')]"
"Wilson, Ted",PERSON,"[('Wilson', 'ORG')]"
"Smith, Thomas O.H., Jr. (Tom)",PERSON,"[('Smith', 'GPE'), ('Thomas O.H., Jr.', 'PERSON'), ('Tom', 'PERSON')]"
"Lien, Charles Holm",PERSON,"[('Lien', 'PERSON'), ('Charles Holm', 'PERSON')]"
"Schuette, William Duncan (Bill)",PERSON,"[('Schuette', 'PERSON'), ('William Duncan', 'PERSON'), ('Bill', 'PERSON')]"
"Lee, Mike",PERSON,"[('Lee', 'PERSON'), ('Mike', 'PERSON')]"
"Blatt, Genevieve",PERSON,"[('Blatt', 'PERSON'), ('Genevieve', 'PERSON')]"
"Levin, Charles Leonard",PERSON,"[('Levin', 'PERSON'), ('Charles Leonard', 'PERSON')]"
"Koskoff, Charlotte",PERSON,"[('Koskoff', 'ORG'), ('Charlotte', 'GPE')]"
"Sparkman, John Jackson",PERSON,"[('John Jackson', 'PERSON')]"
"DiMauro, Ted",PERSON,"[('DiMauro', 'PERSON'), ('Ted', 'PERSON')]"
"Zimmer, Richard (Dick)",PERSON,"[('Zimmer', 'ORG'), ('Richard', 'PERSON'), ('Dick', 'PERSON')]"
Oklahoma Republican Party,ORG,"[('Oklahoma Republican Party', 'ORG')]"
"Vigilante, Kevin",PERSON,"[('Vigilante', 'PERSON'), ('Kevin', 'PERSON')]"
"Reardon, John Edward",PERSON,"[('Reardon', 'GPE'), ('John Edward', 'PERSON')]"
"Bitterman, Mary G.F.",PERSON,"[('Bitterman', 'PERSON'), ('Mary G.F.', 'PERSON')]"
"Freeman, Sandy",PERSON,"[('Freeman', 'PERSON'), ('Sandy', 'ORG')]"
Democratic Social Campaign Committee,ORG,"[('Democratic Social Campaign Committee', 'ORG')]"
"Rydalch, Ann",PERSON,"[('Rydalch', 'GPE'), ('Ann', 'PERSON')]"
"Greenwald, Becky",PERSON,"[('Greenwald', 'GPE'), ('Becky', 'PERSON')]"
"Schneider, Bill",PERSON,"[('Bill', 'PERSON')]"
"Ohrenschall, Eugenia",PERSON,"[('Eugenia', 'GPE')]"
"Coleman, Andy",PERSON,"[('Coleman', 'PERSON'), ('Andy', 'PERSON')]"
"Berryhill, Clare L.",PERSON,"[('Berryhill', 'ORG'), ('Clare L.', 'PERSON')]"
"Clark, James H., Jr.",PERSON,"[('Clark', 'PERSON'), ('James H., Jr.', 'PERSON')]"
"Herrera, Jaime",PERSON,"[('Jaime', 'PERSON')]"
"Sellers, Dean",PERSON,"[('Dean', 'PERSON')]"
"Mitchell, James F.",PERSON,"[('Mitchell', 'PERSON'), ('James F.', 'PERSON')]"
"Weiner, Bob",PERSON,"[('Weiner', 'ORG'), ('Bob', 'PERSON')]"
"Mattingly, Mack Francis",PERSON,"[('Mack Francis', 'PERSON')]"
"Moss, Frank Edward (Ted)",PERSON,"[('Frank Edward', 'PERSON'), ('Ted', 'PERSON')]"
"Kemp, Jack French, Jr.",PERSON,"[('Kemp', 'ORG'), ('Jack French', 'PERSON')]"
"Ogonowski, Jim",PERSON,"[('Jim', 'PERSON')]"
"George, Jonathan D.",PERSON,"[('George', 'PERSON'), ('Jonathan D.', 'PERSON')]"
"Ruiz, Joe",PERSON,"[('Joe', 'PERSON')]"
"Holton, David",PERSON,"[('Holton', 'GPE'), ('David', 'PERSON')]"
"Fitzgerald, Jeff",PERSON,"[('Fitzgerald', 'PERSON'), ('Jeff', 'PERSON')]"
"Zahn, Tony",PERSON,"[('Zahn', 'PERSON'), ('Tony', 'PERSON')]"
"Lujan, Edward",PERSON,"[('Lujan', 'PERSON'), ('Edward', 'PERSON')]"
"Schmidt, Jean",PERSON,"[('Schmidt', 'PERSON'), ('Jean', 'PERSON')]"
Bucshon for Congress,ORG,"[('Congress', 'ORG')]"
"Campbell, Tom",PERSON,"[('Campbell', 'ORG'), ('Tom', 'PERSON')]"
"Griego, Eric",PERSON,"[('Eric', 'PERSON')]"
"Soglin, Paul R.",PERSON,"[('Soglin', 'ORG'), ('Paul R.', 'PERSON')]"
"Hastings, Doc",PERSON,"[('Doc', 'PERSON')]"
"Ledbetter, Stewart M.",PERSON,"[('Ledbetter', 'PERSON'), ('Stewart M.', 'PERSON')]"
The United States Chamber of Commerce,ORG,"[('The United States', 'ORG')]"
"Tanksley, Charles",PERSON,"[('Tanksley', 'PERSON'), ('Charles', 'PERSON')]"
"Cavasso, Campbell (Cam)",PERSON,"[('Cavasso', 'ORG'), ('Campbell', 'ORG')]"
"Morgan, Mike",PERSON,"[('Morgan', 'ORG'), ('Mike', 'PERSON')]"
"McGinty, Timothy",PERSON,"[('Timothy', 'PERSON')]"
"Hulshof, Kenny",PERSON,"[('Hulshof', 'GPE'), ('Kenny', 'GPE')]"
"McCallum, John",PERSON,"[('John', 'PERSON')]"
"McCarthy, Karen",PERSON,"[('McCarthy', 'PERSON'), ('Karen', 'PERSON')]"
"Johnson, Larry E.",PERSON,"[('Johnson', 'PERSON'), ('Larry E.', 'PERSON')]"
"Keller, Rick",PERSON,"[('Keller', 'PERSON'), ('Rick', 'PERSON')]"
Club for Growth Action,ORG,"[('Club for Growth Action', 'ORG')]"
"Phelps, Rick",PERSON,"[('Rick', 'PERSON')]"
"Vance, Jimmy",PERSON,"[('Vance', 'PERSON'), ('Jimmy', 'PERSON')]"
Jamie Blaine for Congress,ORG,"[('Jamie Blaine', 'PERSON'), ('Congress', 'ORG')]"
Citizens to Cut & Cap Your Property Taxes,ORG,"[('Citizens to Cut & Cap Your Property Taxes', 'ORG')]"
"Palladeno, Don",PERSON,"[('Don', 'PERSON')]"
"Martinez, Susana",PERSON,"[('Martinez', 'PERSON'), ('Susana', 'PERSON')]"
"Warner, Glen W.",PERSON,"[('Warner', 'ORG'), ('Glen W.', 'PERSON')]"
Kerry Bentivolio for US Congress,ORG,"[('Kerry Bentivolio', 'PERSON'), ('US', 'GPE')]"
"DeWine, Richard Michael (Mike)",PERSON,"[('DeWine', 'ORG'), ('Richard Michael', 'PERSON'), ('Mike', 'PERSON')]"
"Richard, Jim",PERSON,"[('Richard', 'PERSON'), ('Jim', 'PERSON')]"
"Titla, Mary Kim",PERSON,"[('Mary Kim', 'PERSON')]"
"Levin, Sander Martin (Sandy)",PERSON,"[('Levin', 'PERSON'), ('Sander Martin', 'PERSON')]"
"Moore Capito, Shelley",PERSON,"[('Moore Capito', 'PERSON'), ('Shelley', 'PERSON')]"
"Levitas, Elliott Harris",PERSON,"[('Levitas', 'ORG'), ('Elliott Harris', 'PERSON')]"
"Baucus, Max Sieben",PERSON,"[('Max Sieben', 'PERSON')]"
"Byrd, Robert Carlyle",PERSON,"[('Robert Carlyle', 'PERSON')]"
"Hyde, Henry",PERSON,"[('Henry', 'GPE')]"
"Melcher, John",PERSON,"[('John', 'PERSON')]"
"Johnson, David",PERSON,"[('Johnson', 'PERSON'), ('David', 'PERSON')]"
"Cheney, Liz",PERSON,"[('Cheney', 'PERSON'), ('Liz', 'PERSON')]"
"Hayes, James A. (Jimmy)",PERSON,"[('Hayes', 'PERSON'), ('James A.', 'PERSON'), ('Jimmy', 'PERSON')]"
"Shilling, Bobby",PERSON,"[('Bobby', 'PERSON')]"
"Combs, Marsha",PERSON,"[('Marsha', 'GPE')]"
"Gambrell, David Henry",PERSON,"[('Gambrell', 'PERSON'), ('David Henry', 'PERSON')]"
"Deer, Ada",PERSON,"[('Ada', 'PERSON')]"
"Caesar, Josh",PERSON,"[('Josh', 'PERSON')]"
"Humphreys, James F. (Jim)",PERSON,"[('Humphreys', 'PERSON'), ('James F.', 'PERSON'), ('Jim', 'PERSON')]"
"Wilson, Heather",PERSON,"[('Wilson', 'ORG')]"
"Simon, Paul Martin",PERSON,"[('Simon', 'PERSON'), ('Paul Martin', 'PERSON')]"
"Coxe, Trudy",PERSON,[]
"Blask, James K.",PERSON,"[('James K.', 'PERSON')]"
"Minnick, Walt",PERSON,"[('Minnick', 'GPE'), ('Walt', 'PERSON')]"
"Myers, Woody",PERSON,[]
"Love, Jay",PERSON,"[('Love', 'WORK_OF_ART'), ('Jay', 'PERSON')]"
"Beall, James Glenn",PERSON,"[('James Glenn', 'PERSON')]"
"DeWinter, Ted",PERSON,"[('DeWinter', 'PERSON')]"
"Smith, Robert Clinton (Bob)",PERSON,"[('Smith', 'GPE'), ('Robert Clinton', 'PERSON'), ('Bob', 'PERSON')]"
"Tarrant, Richard Edward (Rich)",PERSON,"[('Richard Edward', 'PERSON')]"
"Royce, Ed",PERSON,"[('Ed', 'PERSON')]"
"Smith, Peter P.",PERSON,"[('Smith', 'GPE'), ('Peter P.', 'PERSON')]"
"Bedford, Roger H., Jr.",PERSON,"[('Bedford', 'GPE'), ('Roger H., Jr.', 'PERSON')]"
"Allison, Joan B.",PERSON,"[('Allison', 'PERSON'), ('Joan B.', 'PERSON')]"
New Jersey,GPE,"[('New Jersey', 'GPE')]"
"Kerr, Robert Samuel, III (Bob)",PERSON,"[('Kerr', 'ORG'), ('Robert Samuel', 'PERSON'), ('Bob', 'PERSON')]"
North Carolina Peace Action,ORG,"[('North Carolina Peace Action', 'ORG')]"
"Gilman, Ben",PERSON,"[('Gilman', 'NORP'), ('Ben', 'PERSON')]"
Steve Waterworth for Congress,ORG,"[('Steve Waterworth', 'PERSON'), ('Congress', 'ORG')]"
"Castro, Bernadette",PERSON,"[('Castro', 'PERSON'), ('Bernadette', 'PERSON')]"
"Carr, Ron",PERSON,"[('Carr', 'PERSON'), ('Ron', 'PERSON')]"
"Conaway, K. Michael (Mike)",PERSON,"[('Mike', 'PERSON')]"
South Carolina Republican Party,ORG,"[('South Carolina', 'GPE'), ('Republican Party', 'ORG')]"
"Treffinger, Jim",PERSON,"[('Jim', 'PERSON')]"
"Johnson, Harold",PERSON,"[('Johnson', 'PERSON'), ('Harold', 'PERSON')]"
"Wise, Robert Ellsworth, Jr. (Bob)",PERSON,"[('Robert Ellsworth', 'PERSON'), ('Jr.', 'PERSON'), ('Bob', 'PERSON')]"
Declaration Alliance,ORG,[]
"Parraguirre, Ron",PERSON,"[('Ron', 'PERSON')]"
"Corsi, Dave",PERSON,"[('Dave', 'PERSON')]"
"Shamie, Raymond (Ray)",PERSON,"[('Shamie', 'PERSON'), ('Raymond (Ray', 'PERSON')]"
"Metcalf, Jack",PERSON,"[('Jack', 'PERSON')]"
"Weinberger, Robert A.",PERSON,"[('Weinberger', 'PERSON'), ('Robert A.', 'PERSON')]"
"Ford, Aubrey, Jr.",PERSON,"[('Ford', 'ORG'), ('Aubrey, Jr.', 'GPE')]"
"Butts, Terry Lucas",PERSON,"[('Terry Lucas', 'PERSON')]"
"Rosenberger, Geoff H.",PERSON,"[('Geoff H.', 'PERSON')]"
"Lagomarsino, Robert John (Bob)",PERSON,"[('Robert John', 'PERSON'), ('Bob', 'PERSON')]"
"Burr, Richard Mauze",PERSON,"[('Richard Mauze', 'PERSON')]"
"Fagg, Russell",PERSON,"[('Russell', 'PERSON')]"
"McNeil, Andrew",PERSON,"[('McNeil', 'PERSON'), ('Andrew', 'PERSON')]"
"Wynia, Ann Jobe",PERSON,"[('Wynia', 'GPE'), ('Ann Jobe', 'PERSON')]"
"Shea, Dennis",PERSON,"[('Shea', 'ORG'), ('Dennis', 'PERSON')]"
Oregon Republican Party,ORG,"[('Oregon Republican Party', 'ORG')]"
"Harris, Fred Roy",PERSON,"[('Harris', 'PERSON'), ('Fred Roy', 'PERSON')]"
"Littlejohn, Janet",PERSON,"[('Littlejohn', 'PERSON'), ('Janet', 'PERSON')]"
"Bentsen, Ken",PERSON,"[('Bentsen', 'PERSON'), ('Ken', 'PERSON')]"
"Volkmer, Harold Lee",PERSON,"[('Harold Lee', 'PERSON')]"
The Progressive Change Campaign Committee,ORG,"[('The Progressive Change Campaign Committee', 'ORG')]"
"Finch, Walter Goss Gilcrist",PERSON,"[('Walter Goss Gilcrist', 'PERSON')]"
Friends of Liberty for Jessica,ORG,"[('Friends of Liberty', 'ORG'), ('Jessica', 'NORP')]"
"Van Sistine, Jerry",PERSON,"[('Van Sistine', 'PERSON'), ('Jerry', 'PERSON')]"
"Stearns, Clifford Bundy (Cliff)",PERSON,"[('Clifford Bundy', 'PERSON')]"
"Britt, Charles Robin",PERSON,"[('Britt', 'PERSON'), ('Charles Robin', 'PERSON')]"
"Harrison, William Henry",PERSON,"[('William Henry', 'PERSON')]"
"Carper, Thomas Richard (Tom)",PERSON,"[('Carper', 'PERSON'), ('Thomas Richard', 'PERSON'), ('Tom', 'PERSON')]"
"Morvant, Bill",PERSON,"[('Bill', 'PERSON')]"
"Cosgrove, Burt",PERSON,"[('Burt', 'PERSON')]"
"Thomas, Herman",PERSON,"[('Thomas', 'PERSON'), ('Herman', 'PERSON')]"
"Ewing, Andy",PERSON,"[('Andy', 'PERSON')]"
"AuCoin, Les",PERSON,"[('AuCoin', 'ORG'), ('Les', 'GPE')]"
"Foster, Smith",PERSON,"[('Foster', 'PERSON'), ('Smith', 'GPE')]"
"Snowbarger, Vincent K. (Vince)",PERSON,"[('Snowbarger', 'ORG'), ('Vincent K. (Vince', 'PERSON')]"
"Ganske, Greg ",PERSON,[]
"Klug, Scott Leo",PERSON,"[('Scott Leo', 'PERSON')]"
"Buford, Manville T.",PERSON,"[('Manville T.', 'PERSON')]"
"Eliel Garcia, Juan",PERSON,"[('Eliel Garcia', 'PERSON'), ('Juan', 'PERSON')]"
"Hare, Phil",PERSON,"[('Phil', 'PERSON')]"
"Coppersmith, Sam",PERSON,"[('Sam', 'PERSON')]"
"Droney, John J.",PERSON,"[('Droney', 'PERSON'), ('John J.', 'PERSON')]"
"Perdue, Bev",PERSON,"[('Bev', 'PERSON')]"
"Miller, Stanley A.",PERSON,"[('Miller', 'ORG'), ('Stanley A.', 'PERSON')]"
"Feeley, Mike",PERSON,"[('Feeley', 'ORG'), ('Mike', 'PERSON')]"
"Clark, Richard",PERSON,"[('Clark', 'PERSON'), ('Richard', 'PERSON')]"
"Summers, Charles E.",PERSON,"[('Charles E.', 'PERSON')]"
"Swope, Derek",PERSON,[]
"Bowles, Erskine Boyce",PERSON,"[('Bowles', 'PERSON'), ('Erskine Boyce', 'PERSON')]"
"Andersen, Bill",PERSON,"[('Bill', 'PERSON')]"
"Mitchel, John",PERSON,"[('Mitchel', 'PERSON'), ('John', 'PERSON')]"
"Chandler, Rodney Dennis (Rod)",PERSON,"[('Chandler', 'PERSON'), ('Rodney Dennis', 'PERSON'), ('Rod', 'PERSON')]"
"Pease, Donald James",PERSON,"[('Donald James', 'PERSON')]"
"Douglas, Jim",PERSON,"[('Douglas', 'PERSON'), ('Jim', 'PERSON')]"
"Thompson, Fred",PERSON,"[('Thompson', 'ORG')]"
"Mizusawa, Bert",PERSON,"[('Mizusawa', 'ORG'), ('Bert', 'PERSON')]"
"Watts, Eugene J.",PERSON,"[('Watts', 'ORG'), ('Eugene J.', 'PERSON')]"
"Stoner, Jesse Benjamin (J.B.)",PERSON,"[('Stoner', 'ORG'), ('Jesse Benjamin', 'PERSON'), ('J.B.', 'GPE')]"
"Lonsdale, Henry",PERSON,"[('Lonsdale', 'GPE'), ('Henry', 'GPE')]"
"Sowards, Greg",PERSON,[]
"McCoy, Tully",PERSON,"[('Tully', 'PERSON')]"
Hice US Congress,ORG,"[('Hice US Congress', 'ORG')]"
"The Cat, Hank ",PERSON,"[('Hank', 'PERSON')]"
"Harris, Felicia",PERSON,"[('Harris', 'PERSON'), ('Felicia', 'PERSON')]"
"Heinrich, Martin Trevor",PERSON,"[('Martin Trevor', 'PERSON')]"
"Waterworth, Steve",PERSON,"[('Steve', 'PERSON')]"
"Sonneland, John",PERSON,"[('Sonneland', 'ORG'), ('John', 'PERSON')]"
"Givens, Jeanne",PERSON,"[('Givens', 'PERSON'), ('Jeanne', 'PERSON')]"
"Kennelly, Barbara Bailey",PERSON,"[('Kennelly', 'ORG'), ('Barbara Bailey', 'PERSON')]"
"Childers, Travis Wayne",PERSON,"[('Travis Wayne', 'PERSON')]"
"Winter, William Forrest",PERSON,"[('Winter', 'DATE'), ('William Forrest', 'PERSON')]"
"Ceci, Louis J.",PERSON,"[('Louis J.', 'PERSON')]"
"Carpinello, Anthony",PERSON,"[('Anthony', 'PERSON')]"
"Jones, Stephanie Tubbs",PERSON,"[('Stephanie Tubbs', 'PERSON')]"
"Boren, Jim",PERSON,"[('Boren', 'PERSON'), ('Jim', 'PERSON')]"
"Scott, John W.",PERSON,"[('Scott', 'PERSON'), ('John W.', 'PERSON')]"
Democratic Party of Illinois,ORG,"[('Democratic Party of Illinois', 'ORG')]"
"Johnson, Joan",PERSON,"[('Johnson', 'PERSON'), ('Joan', 'PERSON')]"
"Carl, Doug",PERSON,"[('Carl', 'PERSON'), ('Doug', 'PERSON')]"
"Fulbright, James William (J.) ",PERSON,"[('James William', 'PERSON'), ('J.', 'ORG')]"
"Cooper, Jerry",PERSON,[]
"Owen, Charles L.",PERSON,"[('Owen', 'PERSON'), ('Charles L.', 'PERSON')]"
"Corradino, Joe",PERSON,"[('Corradino', 'ORG'), ('Joe', 'PERSON')]"
"McCollum, Ira William, Jr. (Bill)",PERSON,"[('McCollum', 'ORG'), ('Jr.', 'PERSON'), ('Bill', 'PERSON')]"
"Murphy, Mike",PERSON,"[('Murphy', 'WORK_OF_ART'), ('Mike', 'PERSON')]"
"Hatfield, P. Kelly (Kelly)",PERSON,"[('Hatfield, P. Kelly', 'ORG'), ('Kelly', 'PERSON')]"
"Ridge, Thomas Joseph (Tom)",PERSON,"[('Ridge', 'PERSON'), ('Thomas Joseph', 'PERSON'), ('Tom', 'PERSON')]"
National Rifle Association Political Victory Fund,ORG,"[('National Rifle Association Political Victory Fund', 'ORG')]"
"Allen, George Felix",PERSON,"[('George Felix', 'PERSON')]"
"Grant, David Jerome",PERSON,"[('David Jerome', 'PERSON')]"
"Homer, Thomas J.",PERSON,"[('Thomas J.', 'PERSON')]"
"Kuchel, Thomas Henry",PERSON,"[('Kuchel', 'PERSON'), ('Thomas Henry', 'PERSON')]"
"Hogan, Tom",PERSON,"[('Hogan', 'PERSON'), ('Tom', 'PERSON')]"
"Smith, Joseph",PERSON,"[('Smith', 'GPE'), ('Joseph', 'PERSON')]"
"Pitts, Terrance",PERSON,"[('Pitts', 'GPE')]"
"O'Dell, Gloria",PERSON,"[(""O'Dell"", 'ORG'), ('Gloria', 'PERSON')]"
"Heitkamp, Mary Kathryn (Heidi)",PERSON,"[('Mary Kathryn', 'PERSON'), ('Heidi', 'PERSON')]"
"Barth, Anne",PERSON,"[('Barth', 'GPE')]"
"Feingold, Russell Dana (Russ)",PERSON,"[('Russell Dana', 'PERSON'), ('Russ', 'PERSON')]"
Chip for Congress,ORG,"[('Congress', 'ORG')]"
"Krysztoforski, Joseph",PERSON,"[('Krysztoforski', 'PERSON'), ('Joseph', 'PERSON')]"
"Johnson, Rob",PERSON,"[('Johnson', 'PERSON'), ('Rob', 'PERSON')]"
"Whitfield, John",PERSON,"[('Whitfield', 'PERSON'), ('John', 'PERSON')]"
"Giuliani, Rudolph William Lewis, III (Rudy)",PERSON,"[('Giuliani', 'PERSON'), ('Rudolph William Lewis', 'PERSON'), ('Rudy', 'PERSON')]"
"Gorman, Chris",PERSON,"[('Chris', 'PERSON')]"
"Kahn, Roger",PERSON,"[('Kahn', 'PERSON'), ('Roger', 'PERSON')]"
"Milliken, John Geddes",PERSON,"[('Milliken', 'PERSON'), ('John Geddes', 'PERSON')]"
"Whitehouse, Sheldon",PERSON,[]
"DioGuardi, Joseph J.",PERSON,"[('DioGuardi', 'ORG'), ('Joseph J.', 'PERSON')]"
"Shannon, James Michael (Jim)",PERSON,"[('Shannon', 'FAC'), ('James Michael', 'PERSON'), ('Jim', 'PERSON')]"
"Weiland, Rick",PERSON,"[('Rick', 'PERSON')]"
"Fithian, Floyd James",PERSON,"[('Fithian', 'ORG'), ('Floyd James', 'PERSON')]"
"Wainwright, Dale",PERSON,"[('Dale', 'PERSON')]"
New Jersey Republican State Committee,ORG,"[('New Jersey', 'GPE'), ('Republican', 'NORP'), ('State Committee', 'ORG')]"
"Knapp, Davis Cheryl",PERSON,"[('Knapp', 'GPE'), ('Davis Cheryl', 'PERSON')]"
Fletcher & Rowley Consulting Inc,ORG,"[('Fletcher & Rowley Consulting Inc', 'ORG')]"
Mississippi Democratic Party,ORG,"[('Mississippi Democratic Party', 'ORG')]"
"Gallegos, Lou",PERSON,"[('Lou', 'PERSON')]"
"Ciresi, Mike",PERSON,"[('Ciresi', 'PERSON'), ('Mike', 'PERSON')]"
"Tegerdine, Joe",PERSON,"[('Tegerdine', 'ORG'), ('Joe', 'PERSON')]"
DSCC / Democratic Senatorial Campaign Committee,ORG,"[('DSCC / Democratic Senatorial Campaign Committee', 'ORG')]"
"Lowe, Dan",PERSON,"[('Dan', 'PERSON')]"
Every Child Matters,ORG,[]
U.S. Chamber of Commerce,ORG,"[('U.S. Chamber of Commerce', 'ORG')]"
"Carper, Thomas Richard (Tom)",PERSON,"[('Carper', 'PERSON'), ('Thomas Richard', 'PERSON'), ('Tom', 'PERSON')]"
"Chambliss, Saxby",PERSON,[]
"MacGregor, Clark",PERSON,"[('MacGregor', 'ORG'), ('Clark', 'PERSON')]"
"Sutton, Betty",PERSON,"[('Sutton', 'ORG'), ('Betty', 'ORG')]"
"Kiefer, Nat Gerard",PERSON,"[('Nat Gerard', 'PERSON')]"
"Larsen, David",PERSON,"[('Larsen', 'PERSON'), ('David', 'PERSON')]"
"Neilson, Claud D.",PERSON,"[('Neilson', 'ORG'), ('Claud D.', 'NORP')]"
"LaRocco, Larry",PERSON,"[('LaRocco', 'PERSON'), ('Larry', 'PERSON')]"
"Nunnelee, Alan",PERSON,"[('Nunnelee', 'ORG'), ('Alan', 'PERSON')]"
"Pittman, Charles",PERSON,"[('Charles', 'PERSON')]"
"Takach, Stephen",PERSON,"[('Stephen', 'PERSON')]"
"Keck, James Moulton (Jim)",PERSON,"[('Keck', 'PERSON'), ('James Moulton', 'PERSON'), ('Jim', 'PERSON')]"
"Watkins, Wesley Wade (Wes)",PERSON,"[('Wesley Wade', 'PERSON'), ('Wes', 'PERSON')]"
"Mullin, James E.",PERSON,"[('Mullin', 'PERSON'), ('James E.', 'PERSON')]"
"Posey, Bill",PERSON,"[('Posey', 'ORG'), ('Bill', 'PERSON')]"
"Humphrey, Hubert Horatio, Jr.",PERSON,"[('Humphrey', 'PERSON'), ('Hubert Horatio', 'PERSON')]"
"Coors, Peter Hanson (Pete)",PERSON,"[('Coors', 'ORG'), ('Peter Hanson', 'PERSON'), ('Pete', 'PERSON')]"
"Lieberman, Joesph Isadore (Joe)",PERSON,"[('Lieberman', 'PERSON'), ('Joesph Isadore', 'PERSON'), ('Joe', 'PERSON')]"
"Rangos, Jill",PERSON,"[('Rangos', 'GPE'), ('Jill', 'PERSON')]"
"Moshofsky, William James (Bill)",PERSON,"[('Moshofsky', 'PERSON'), ('William James', 'PERSON'), ('Bill', 'PERSON')]"
"English, Glenn",PERSON,"[('English', 'LANGUAGE'), ('Glenn', 'PERSON')]"
"Edwards, Chris",PERSON,"[('Edwards', 'ORG'), ('Chris', 'PERSON')]"
"Mountain, Barbara",PERSON,"[('Mountain', 'GPE'), ('Barbara', 'PERSON')]"
"Ricketts, John Peter (Pete)",PERSON,"[('John Peter', 'PERSON'), ('Pete', 'PERSON')]"
"Abt, Clark",PERSON,"[('Clark', 'PERSON')]"
"Bornstein, Julie",PERSON,"[('Bornstein', 'PERSON'), ('Julie', 'PERSON')]"
"Smith, Nick H.",PERSON,"[('Smith', 'GPE'), ('Nick H.', 'PERSON')]"
"Friends of Stephen Simpson, Inc.",ORG,"[('Stephen Simpson', 'PERSON')]"
"Oliverio, Mike",PERSON,"[('Oliverio', 'CARDINAL'), ('Mike', 'PERSON')]"
"Anderson, Jeff",PERSON,"[('Anderson', 'PERSON'), ('Jeff', 'PERSON')]"
"Miklosi, Joe",PERSON,"[('Joe', 'PERSON')]"
"Deddeh, Wadie",PERSON,"[('Wadie', 'ORG')]"
"Dewhurst, David",PERSON,"[('Dewhurst', 'NORP'), ('David', 'PERSON')]"
"Vinich, John Paul",PERSON,"[('John Paul', 'PERSON')]"
"Eitzen, Tari S.",PERSON,"[('Tari S.', 'PERSON')]"
Club For Growth,ORG,"[('Club For Growth', 'ORG')]"
New York State Democratic Committee,ORG,"[('New York State Democratic Committee', 'GPE')]"
"Brewster, Gerry Leiper",PERSON,"[('Brewster', 'ORG'), ('Gerry Leiper', 'PERSON')]"
Coalition for the Future American Worker,ORG,[]
"Gringrey, John Phillip (Phil)",PERSON,"[('Gringrey', 'PERSON'), ('John Phillip', 'PERSON'), ('Phil', 'PERSON')]"
"Hensley, Sam P.",PERSON,"[('Hensley', 'PERSON'), ('Sam P.', 'PERSON')]"
Americans for Conservation,ORG,"[('Americans', 'NORP')]"
"Huddleston, Walter Darlington (Dee)",PERSON,"[('Huddleston', 'ORG'), ('Walter Darlington', 'PERSON'), ('Dee', 'PERSON')]"
"Hazlett, Allan Ashley",PERSON,"[('Hazlett', 'PERSON'), ('Allan Ashley', 'PERSON')]"
People for the American Way,ORG,"[('American', 'NORP')]"
Republican State Central Committee of South Dakota,ORG,"[('Republican State Central Committee of South Dakota', 'ORG')]"
"Beckam, Gerald",PERSON,"[('Gerald', 'PERSON')]"
"Ober, Jay",PERSON,"[('Jay', 'PERSON')]"
"Jolly, Chuck",PERSON,"[('Chuck', 'PERSON')]"
"Webb-Edgington, Alecia",PERSON,"[('Webb-Edgington', 'ORG'), ('Alecia', 'PERSON')]"
"Carmouche, Paul",PERSON,"[('Carmouche', 'ORG'), ('Paul', 'PERSON')]"
"Robinson, Jim",PERSON,"[('Robinson', 'PERSON'), ('Jim', 'PERSON')]"
"Pryor, David Hampton",PERSON,"[('Pryor', 'PERSON'), ('David Hampton', 'PERSON')]"
"Wirth, Timothy Endicott (Tim)",PERSON,"[('Timothy Endicott', 'PERSON'), ('Tim', 'PERSON')]"
"Raby, Steve",PERSON,"[('Steve', 'PERSON')]"
Citizens for the Republican Education Fund,ORG,"[('the Republican Education Fund', 'ORG')]"
"Schweiker, Richard Schultz",PERSON,"[('Richard Schultz', 'PERSON')]"
"Gold, Randy",PERSON,"[('Randy', 'PERSON')]"
"Cazayoux, Jr., Donald J. (Don)",PERSON,"[('Cazayoux', 'PERSON'), ('Donald J. (', 'PERSON'), ('Don', 'PERSON')]"
"Keane, Tom",PERSON,"[('Keane', 'PERSON'), ('Tom', 'PERSON')]"
"Fieger, Geoffrey",PERSON,"[('Geoffrey', 'PERSON')]"
"Romney, Lenore LaFount",PERSON,"[('Romney', 'PERSON'), ('Lenore LaFount', 'PERSON')]"
"Lane, Charlotte",PERSON,"[('Lane', 'GPE'), ('Charlotte', 'GPE')]"
"Goode, Virgil Hamlin, Jr.",PERSON,"[('Goode', 'GPE'), ('Virgil Hamlin', 'PERSON'), ('Jr.', 'PERSON')]"
"Wirth, Timothy Endicott (Tim)",PERSON,"[('Timothy Endicott', 'PERSON'), ('Tim', 'PERSON')]"
"Brown, Scott Phillip",PERSON,"[('Scott Phillip', 'PERSON')]"
"LaDart, Ross",PERSON,"[('LaDart', 'PERSON'), ('Ross', 'PERSON')]"
"Walcher, Greg",PERSON,[]
Wright McLeod for Congress,ORG,"[('Wright McLeod', 'PERSON'), ('Congress', 'ORG')]"
North Dakota Democratic Party,ORG,"[('North Dakota Democratic Party', 'ORG')]"
"Sullivan, Daniel Scott (Dan)",PERSON,"[('Sullivan', 'PERSON'), ('Daniel Scott', 'PERSON'), ('Dan', 'PERSON')]"
"Frankenfeld, Donald L.",PERSON,"[('Frankenfeld', 'ORG'), ('Donald L.', 'PERSON')]"
"Domina, Bill",PERSON,"[('Domina', 'PERSON'), ('Bill', 'PERSON')]"
"Davis, Jim",PERSON,"[('Davis', 'PERSON'), ('Jim', 'PERSON')]"
"Greene, Jeff",PERSON,"[('Greene', 'ORG'), ('Jeff', 'PERSON')]"
Alabama Democratic Party,ORG,"[('Alabama Democratic Party', 'ORG')]"
Konst for Congress,ORG,"[('Congress', 'ORG')]"
Senate Conservatives Fund,ORG,"[('Senate Conservatives Fund', 'ORG')]"
"Schenk, Lynn Alice",PERSON,"[('Lynn Alice', 'PERSON')]"
Americans United For Change,ORG,"[('Americans United For Change', 'ORG')]"
"Givot, Steve",PERSON,"[('Steve', 'PERSON')]"
"Novak, Steve",PERSON,"[('Novak', 'ORG'), ('Steve', 'PERSON')]"
"Norwood, Charles W., Jr. (Charlie)",PERSON,"[('Norwood', 'ORG'), ('Charles W., Jr.', 'PERSON'), ('Charlie', 'PERSON')]"
Bill Fletcher,ORG,"[('Bill Fletcher', 'PERSON')]"
"Loyd, Donna",PERSON,"[('Donna', 'PERSON')]"
"Glassman, Rodney",PERSON,"[('Glassman', 'PERSON'), ('Rodney', 'PERSON')]"
"Franks, Robert Douglas (Bob)",PERSON,"[('Robert Douglas', 'PERSON'), ('Bob', 'PERSON')]"
Family Research Council PAC,ORG,"[('Family Research Council', 'ORG')]"
"Laird, Melvin R.",PERSON,"[('Laird', 'PERSON'), ('Melvin R.', 'PERSON')]"
"National Conservative PAC (Truth Squad, a project of NCPAC)",ORG,"[('National Conservative PAC (Truth Squad', 'ORG'), ('NCPAC', 'ORG')]"
"Hasette, Nanette",PERSON,"[('Hasette', 'GPE'), ('Nanette', 'PERSON')]"
"Richardson, Steve",PERSON,"[('Richardson', 'PERSON'), ('Steve', 'PERSON')]"
"Coleman, J. Marshall",PERSON,"[('Coleman', 'PERSON'), ('J. Marshall', 'PERSON')]"
"Barnes, Kay",PERSON,"[('Kay', 'PERSON')]"
"Deal, J. Nathan ",PERSON,"[('J. Nathan', 'PERSON')]"
New York State Conservative Party,ORG,"[('New York State Conservative Party', 'ORG')]"
"Bonner, Jo",PERSON,"[('Jo', 'PERSON')]"
Political announcement paid for by Hal Douglas,ORG,"[('Hal Douglas', 'PERSON')]"
"Rosenbloom, Richard D.",PERSON,"[('Richard D.', 'PERSON')]"
AMPAC,ORG,"[('AMPAC', 'ORG')]"
"Schiff, Steven Harvey (Steve)",PERSON,"[('Steven Harvey', 'PERSON'), ('Steve', 'PERSON')]"
"Kuykendall, Dan H.",PERSON,"[('Kuykendall', 'GPE'), ('Dan H.', 'PERSON')]"
"Graham, Daniel Robert (Bob)",PERSON,"[('Graham', 'PERSON'), ('Daniel Robert', 'PERSON'), ('Bob', 'PERSON')]"
"Rodriguez, Ciro Davis",PERSON,"[('Ciro Davis', 'PERSON')]"
"Cooksey, John",PERSON,"[('John', 'PERSON')]"
"Lambz, Jim",PERSON,"[('Lambz', 'ORG'), ('Jim', 'PERSON')]"
"Jett, Shane",PERSON,"[('Jett', 'PERSON'), ('Shane', 'PERSON')]"
"Solarz, Steve",PERSON,"[('Solarz', 'GPE'), ('Steve', 'PERSON')]"
"Clark, Walter",PERSON,"[('Clark', 'PERSON'), ('Walter', 'PERSON')]"
"Robinson, Don",PERSON,"[('Don', 'PERSON')]"
"Lee, Jim",PERSON,"[('Lee', 'PERSON'), ('Jim', 'PERSON')]"
"Lloyd, Marilyn",PERSON,"[('Lloyd, Marilyn', 'ORG')]"
"Young, Jesse",PERSON,"[('Jesse', 'PERSON')]"
"Burris, Don",PERSON,"[('Burris', 'GPE'), ('Don', 'PERSON')]"
Citizens Party,PARTY,"[('Citizens Party', 'ORG')]"
"Petree, William Charles",PERSON,"[('William Charles', 'PERSON')]"
Nancy Jacobs for Congress,ORG,"[('Nancy Jacobs', 'PERSON'), ('Congress', 'ORG')]"
"Norwood, Jeff",PERSON,"[('Norwood', 'ORG'), ('Jeff', 'PERSON')]"
Alliance For Quality Nursing Home Care,ORG,"[('Alliance For Quality Nursing Home Care', 'ORG')]"
"Johnson, Colon",PERSON,"[('Johnson', 'PERSON')]"
"Cook, Ralph D.",PERSON,"[('Ralph D.', 'PERSON')]"
"Gardner, William D.",PERSON,"[('Gardner', 'PERSON'), ('William D.', 'PERSON')]"
"Shute, Elden H., Jr.",PERSON,"[('Elden H., Jr.', 'PERSON')]"
"Kelly, Marilyn",PERSON,"[('Kelly', 'PERSON'), ('Marilyn', 'PERSON')]"
"Moyer, Tim",PERSON,"[('Tim', 'PERSON')]"
"Goddard, Rick",PERSON,"[('Rick', 'PERSON')]"
Republican Party of Arkansas,ORG,"[('Republican Party', 'ORG'), ('Arkansas', 'GPE')]"
"Bevin, Matthew Griswold (Matt)",PERSON,"[('Bevin', 'PERSON'), ('Matthew Griswold', 'PERSON'), ('Matt', 'PERSON')]"
"Jordan, Nick",PERSON,"[('Jordan', 'GPE'), ('Nick', 'PERSON')]"
"Moody, James P. (Jim)",PERSON,"[('Moody, James P. (Jim)', 'ORG')]"
"Johnson, Tim",PERSON,"[('Johnson', 'PERSON'), ('Tim', 'PERSON')]"
"Guthrie, Bill",PERSON,"[('Bill', 'PERSON')]"
"Smitter, Henry",PERSON,"[('Henry', 'PERSON')]"
"Kupiec, John",PERSON,"[('Kupiec', 'PERSON'), ('John', 'PERSON')]"
"Michaud, Michael Herman (Mike)",PERSON,"[('Michael Herman', 'PERSON'), ('Mike', 'PERSON')]"
"Budagher, John",PERSON,"[('Budagher', 'PERSON'), ('John', 'PERSON')]"
"Peytavin, John",PERSON,"[('Peytavin', 'PERSON'), ('John', 'PERSON')]"
"Peranich, Diane",PERSON,"[('Peranich', 'GPE'), ('Diane', 'PERSON')]"
"Armstrong, David (Dave)",PERSON,"[('Armstrong', 'PERSON'), ('David', 'PERSON'), ('Dave', 'PERSON')]"
"Turnham, Joseph R. (Joe)",PERSON,"[('Turnham', 'PERSON'), ('Joseph R. (', 'PERSON'), ('Joe', 'PERSON')]"
"Allegretti, Michael",PERSON,"[('Allegretti', 'ORG'), ('Michael', 'PERSON')]"
"Carr, Milton Robert (Bob)",PERSON,"[('Carr', 'PERSON'), ('Milton Robert', 'PERSON'), ('Bob', 'PERSON')]"
"Curry, Jerry R.",PERSON,"[('Curry', 'PERSON'), ('Jerry R.', 'PERSON')]"
"Waltzer, Miriam",PERSON,"[('Waltzer', 'PERSON'), ('Miriam', 'PERSON')]"
"Smith, Derek",PERSON,"[('Smith', 'GPE'), ('Derek', 'PERSON')]"
"Shimkus, John Mondy",PERSON,"[('Shimkus', 'ORG'), ('John Mondy', 'PERSON')]"
"Vitter, David Bruce",PERSON,"[('Vitter', 'ORG'), ('David Bruce', 'PERSON')]"
Louisiana,GPE,"[('Louisiana', 'GPE')]"
"Krishnamoorthi, Raja",PERSON,[]
"Wilson, Charlie (Charles)",PERSON,"[('Wilson', 'ORG'), ('Charlie', 'PERSON'), ('Charles', 'PERSON')]"
"Carter, Earl Leroy (Buddy)",PERSON,"[('Carter', 'PERSON'), ('Earl Leroy', 'PERSON')]"
"Franks, Gary",PERSON,"[('Gary', 'PERSON')]"
"Wells, Erik",PERSON,"[('Wells', 'ORG'), ('Erik', 'PERSON')]"
Pennsylvania,GPE,"[('Pennsylvania', 'GPE')]"
"Weatherly, Jim",PERSON,"[('Jim', 'PERSON')]"
"Roberts, Darryl F.",PERSON,"[('Roberts', 'PERSON'), ('Darryl F.', 'PERSON')]"
"Gemma, Anthony",PERSON,"[('Anthony', 'PERSON')]"
"Cobb, Steve",PERSON,"[('Cobb', 'ORG'), ('Steve', 'PERSON')]"
"Myerscough, Sue",PERSON,"[('Myerscough', 'GPE')]"
"Hellman, Juda Maria",PERSON,"[('Hellman', 'PRODUCT'), ('Juda Maria', 'PERSON')]"
"Delay, Gunner",PERSON,"[('Delay', 'PERSON'), ('Gunner', 'PERSON')]"
"Bryan, Jon L.",PERSON,"[('Bryan', 'PERSON'), ('Jon L.', 'PERSON')]"
"Boggs, Lindy",PERSON,"[('Boggs', 'PERSON'), ('Lindy', 'GPE')]"
Republican National Committee,ORG,"[('Republican National Committee', 'ORG')]"
"Williams, Patricia L.",PERSON,"[('Williams', 'PERSON'), ('Patricia L.', 'PERSON')]"
"Sellers, Richard",PERSON,"[('Richard', 'PERSON')]"
"Stender, Linda",PERSON,"[('Linda', 'PERSON')]"
Peace Action of the Delaware Valley,ORG,"[('the Delaware Valley', 'LOC')]"
"Fillner, Russell K.",PERSON,"[('Russell K.', 'PERSON')]"
"Barbour, Haley Reeves",PERSON,"[('Barbour', 'ORG'), ('Haley Reeves', 'PERSON')]"
John McCallum for Congress,ORG,"[('John McCallum', 'PERSON'), ('Congress', 'ORG')]"
"Lamm, Peggy",PERSON,[]
"Celebrezze, Frank D.",PERSON,[]
"Donnelly, Michael",PERSON,"[('Michael', 'PERSON')]"
"Marlinga, Carl",PERSON,"[('Marlinga', 'GPE'), ('Carl', 'PERSON')]"
"Beatty, Joyce",PERSON,"[('Beatty', 'GPE'), ('Joyce', 'PERSON')]"
"Gilliland, Lukin T.",PERSON,"[('Lukin T.', 'PERSON')]"
Re-elect Earl Hillard,ORG,"[('Earl Hillard', 'PERSON')]"
"Bond, Christopher Samuel (Kit)",PERSON,"[('Christopher Samuel (Kit', 'PERSON')]"
Joe for America,ORG,"[('Joe', 'PERSON'), ('America', 'GPE')]"
South Dakota Republican State Central Committee,ORG,"[('South Dakota', 'GPE'), ('State Central Committee', 'ORG')]"
"McGavick, Michael S. (Mike)",PERSON,"[('McGavick', 'ORG'), ('Michael S.', 'PERSON'), ('Mike', 'PERSON')]"
"Muskie, Edmund Sixtus (Ed)",PERSON,"[('Edmund Sixtus', 'PERSON'), ('Ed', 'PERSON')]"
Andy Barr for Congress,ORG,"[('Andy Barr', 'PERSON'), ('Congress', 'ORG')]"
"Donchess, James W. (Jim)",PERSON,"[('James W.', 'PERSON'), ('Jim', 'PERSON')]"
"Upton, Frederick Stephen (Fred)",PERSON,"[('Upton', 'GPE'), ('Frederick Stephen', 'PERSON')]"
"Postma, Jim",PERSON,"[('Postma', 'PERSON'), ('Jim', 'PERSON')]"
"Graham, Chris",PERSON,"[('Graham', 'PERSON'), ('Chris', 'PERSON')]"
"Cornyn, John",PERSON,"[('John', 'PERSON')]"
"Hieb, Ross",PERSON,"[('Hieb', 'GPE'), ('Ross', 'PERSON')]"
"Kennedy, Billy",PERSON,"[('Kennedy', 'PERSON'), ('Billy', 'PERSON')]"
"Seymour, John",PERSON,"[('John', 'PERSON')]"
"Harris, David",PERSON,"[('Harris', 'PERSON'), ('David', 'PERSON')]"
"Buquoi, Larry",PERSON,"[('Buquoi', 'ORG'), ('Larry', 'PERSON')]"
"Strickland, Tom",PERSON,"[('Strickland', 'ORG'), ('Tom', 'PERSON')]"
"Fascell, Dante B.",PERSON,"[('Dante B.', 'PERSON')]"
Democratic Party of New Mexico,ORG,"[('Democratic Party of New Mexico', 'ORG')]"
"Huizenga, Bill",PERSON,"[('Bill', 'PERSON')]"
"Caranagh, Michael F.",PERSON,"[('Caranagh', 'GPE'), ('Michael F.', 'PERSON')]"
Friends of Jeff Sessions,ORG,[]
"McIlwrath, Rolleen",PERSON,"[('Rolleen', 'PERSON')]"
"Assad, Mike",PERSON,"[('Assad', 'PERSON'), ('Mike', 'PERSON')]"
"Lutz, Joe P.",PERSON,"[('Lutz', 'ORG'), ('Joe P.', 'PERSON')]"
"Demars, Lou",PERSON,"[('Demars', 'PERSON'), ('Lou', 'PERSON')]"
"Smith, Jefferson Verne, Jr.",PERSON,"[('Smith', 'GPE'), ('Jefferson Verne', 'PERSON'), ('Jr.', 'PERSON')]"
"Bayh, Evan",PERSON,"[('Evan', 'PERSON')]"
"Robinson, Vernon",PERSON,"[('Robinson', 'PERSON'), ('Vernon', 'PRODUCT')]"
"Jackson, David Lawrence",PERSON,"[('Jackson', 'GPE'), ('David Lawrence', 'PERSON')]"
"Lauzen, Christopher J. (Chris)",PERSON,"[('Lauzen', 'ORG'), ('Christopher J. (', 'PERSON'), ('Chris', 'PERSON')]"
"Deutsch, Peter R.",PERSON,"[('Deutsch', 'PERSON'), ('Peter R.', 'PERSON')]"
"Timmer, John",PERSON,"[('John', 'PERSON')]"
"Loudermilk, Barry D.",PERSON,"[('Barry D.', 'PERSON')]"
"Gorman, Robert",PERSON,"[('Robert', 'PERSON')]"
"Ruppe, Philip Edward (Phil)",PERSON,"[('Philip Edward', 'PERSON'), ('Phil', 'PERSON')]"
"McCalister, Mike",PERSON,"[('McCalister', 'ORG'), ('Mike', 'PERSON')]"
"Pera, Mark",PERSON,"[('Pera', 'ORG'), ('Mark', 'PERSON')]"
"McMaster, William Henry",PERSON,"[('McMaster', 'PERSON'), ('William Henry', 'PERSON')]"
"Boustany, Charles",PERSON,"[('Boustany', 'GPE'), ('Charles', 'PERSON')]"
"Bell, Jeffrey",PERSON,"[('Bell', 'ORG'), ('Jeffrey', 'PERSON')]"
"Haskins, Brad",PERSON,"[('Brad', 'PERSON')]"
"Carlin, David Robert, Jr.",PERSON,"[('Carlin', 'GPE'), ('David Robert, Jr.', 'PERSON')]"
"Mueller, Karen Pepper",PERSON,"[('Karen Pepper', 'PERSON')]"
"Adler, John",PERSON,"[('John', 'PERSON')]"
"Moran, Emmett",PERSON,"[('Moran', 'PERSON'), ('Emmett', 'PERSON')]"
"Cain, May",PERSON,"[('May', 'DATE')]"
"Kirby, J. Russell",PERSON,"[('Kirby', 'ORG'), ('J. Russell', 'PERSON')]"
"Olin, James Randolph",PERSON,"[('Olin', 'ORG'), ('James Randolph', 'PERSON')]"
"Davidow, Joe",PERSON,"[('Joe', 'PERSON')]"
"Stormer, Elinore Marsh",PERSON,[]
"Berkhout, Jan",PERSON,"[('Jan', 'PERSON')]"
"Brister, Jim",PERSON,"[('Brister', 'ORG'), ('Jim', 'PERSON')]"
Hoosiers for Richard Mourdock,ORG,[]
"Rasoul, Sam",PERSON,"[('Rasoul', 'GPE'), ('Sam', 'PERSON')]"
George Holding for Congress,ORG,"[('George Holding', 'PERSON'), ('Congress', 'ORG')]"
"Meehan, Martin Thomas",PERSON,"[('Martin Thomas', 'PERSON')]"
"Flanegan, Chip",PERSON,"[('Flanegan, Chip', 'ORG')]"
"Grayson, Alan",PERSON,"[('Grayson', 'GPE'), ('Alan', 'PERSON')]"
"Scaturro, Frank",PERSON,"[('Scaturro', 'ORG'), ('Frank', 'PERSON')]"
"Macy, Bob",PERSON,"[('Macy', 'ORG'), ('Bob', 'PERSON')]"
"Lemucchi, Timothy Jon (Tim)",PERSON,"[('Lemucchi', 'GPE'), ('Timothy Jon', 'PERSON'), ('Tim', 'PERSON')]"
"Braun, Warren D.",PERSON,"[('Warren D.', 'PERSON')]"
"Crozier, William (Bill)",PERSON,"[('Crozier', 'ORG'), ('William', 'PERSON'), ('Bill', 'PERSON')]"
Sanford for Congress,ORG,"[('Sanford', 'PERSON'), ('Congress', 'ORG')]"
"Peeples, David",PERSON,"[('David', 'PERSON')]"
Pascrell for Congress,ORG,"[('Congress', 'ORG')]"
"Rusthoven, Peter",PERSON,"[('Rusthoven', 'GPE'), ('Peter', 'PERSON')]"
"Weber, Edward Ford (Ed)",PERSON,"[('Edward Ford', 'PERSON'), ('Ed', 'PERSON')]"
"Sybert, Rich",PERSON,"[('Sybert', 'PERSON'), ('Rich', 'PERSON')]"
"Pearce, Steve",PERSON,"[('Steve', 'PERSON')]"
"DeLauro, Rosa L.",PERSON,"[('Rosa L.', 'PERSON')]"
James M Dwinell,ORG,"[('James M Dwinell', 'PERSON')]"
"Kanner, Richard",PERSON,"[('Kanner', 'ORG'), ('Richard', 'PERSON')]"
"Carter, Earl Leroy (Buddy )",PERSON,"[('Carter', 'PERSON'), ('Earl Leroy', 'PERSON')]"
"Cox, Allyson",PERSON,"[('Allyson', 'PERSON')]"
Missouri Republican State Committee,ORG,"[('Missouri', 'GPE'), ('Republican State Committee', 'ORG')]"
"Irwin, Mitch",PERSON,"[('Irwin, Mitch', 'GPE')]"
"Menendez, Robert (Bob)",PERSON,"[('Robert', 'PERSON'), ('Bob', 'PERSON')]"
"Blaine, Jamie",PERSON,"[('Blaine', 'ORG'), ('Jamie', 'PERSON')]"
"Parry, Mike",PERSON,"[('Parry', 'GPE'), ('Mike', 'PERSON')]"
"Bennett, Richard Alan (Rick)",PERSON,"[('Bennett', 'PERSON'), ('Richard Alan', 'PERSON'), ('Rick', 'PERSON')]"
"Callahan, Colleen",PERSON,"[('Callahan', 'GPE'), ('Colleen', 'PERSON')]"
"Cathcart, Mary B.",PERSON,"[('Cathcart', 'ORG'), ('Mary B.', 'PERSON')]"
Democracy for America,ORG,[]
Vermont,GPE,"[('Vermont', 'GPE')]"
"King, Gary",PERSON,"[('Gary', 'PERSON')]"
"Lunsford, Bruce",PERSON,"[('Bruce', 'PERSON')]"
BaileyForLife2000,ORG,"[('BaileyForLife2000', 'GPE')]"
"Ford, Wendell Hampton",PERSON,"[('Ford', 'ORG'), ('Wendell Hampton', 'PERSON')]"
"Kuykendall, Steve",PERSON,"[('Steve', 'PERSON')]"
"Lancaster, H. Martin",PERSON,"[('Lancaster', 'GPE'), ('H. Martin', 'PERSON')]"
"Coyne-McCoy, Kate",PERSON,"[('Coyne-McCoy', 'ORG'), ('Kate', 'PERSON')]"
"Koernke, Thomas F.",PERSON,"[('Koernke', 'PERSON'), ('Thomas F.', 'PERSON')]"
"Schlesinger, Alan",PERSON,"[('Schlesinger', 'PERSON'), ('Alan', 'PERSON')]"
"Bell, Don",PERSON,"[('Bell', 'ORG'), ('Don', 'PERSON')]"
"Kremers, Jeff",PERSON,"[('Jeff', 'PERSON')]"
"Frenzel, William Eldridge",PERSON,"[('Frenzel', 'ORG'), ('William Eldridge', 'PERSON')]"
"Borcherdt, Ed",PERSON,"[('Borcherdt', 'PERSON'), ('Ed', 'PERSON')]"
"Howell, Carla",PERSON,"[('Howell', 'ORG'), ('Carla', 'PERSON')]"
Gingrey for US Senate,ORG,"[('Gingrey', 'GPE'), ('US Senate', 'ORG')]"
"Ford, Harold Eugene, Jr.",PERSON,"[('Ford', 'ORG'), ('Harold Eugene', 'PERSON')]"
"Gooch, Diane",PERSON,"[('Gooch', 'PERSON'), ('Diane', 'PERSON')]"
Illinois,GPE,"[('Illinois', 'GPE')]"
"Barrasso, John A. ",PERSON,"[('Barrasso', 'ORG'), ('John A.', 'PERSON')]"
Kinzinger for Congress,ORG,"[('Kinzinger for Congress', 'ORG')]"
"Broyhill, James Thomas (Jim)",PERSON,"[('James Thomas', 'PERSON'), ('Jim', 'PERSON')]"
"D'Achille, Ernest (Ernie)",PERSON,"[(""D'Achille"", 'PERSON'), ('Ernest', 'PERSON'), ('Ernie', 'ORG')]"
"Jovicic, Dusko",PERSON,"[('Jovicic', 'PERSON'), ('Dusko', 'PERSON')]"
"Williams, Jay (Gex)",PERSON,"[('Williams', 'PERSON'), ('Jay', 'PERSON')]"
"Roberts, Betty R.",PERSON,"[('Roberts', 'PERSON'), ('Betty R.', 'PERSON')]"
"Simons, Lynn Osborn",PERSON,"[('Lynn Osborn', 'PERSON')]"
Right Change,ORG,[]
"Gill, Rick (Ricky)",PERSON,"[('Gill', 'PERSON'), ('Rick', 'PERSON')]"
"Prosser, David",PERSON,"[('Prosser', 'PRODUCT'), ('David', 'PERSON')]"
"Wortley, George C.",PERSON,"[('Wortley', 'PERSON'), ('George C.', 'PERSON')]"
"Aslanian, John",PERSON,"[('Aslanian', 'NORP'), ('John', 'PERSON')]"
"Plummer, Jason",PERSON,"[('Jason', 'PERSON')]"
"Blaine, James G. (Jamie)",PERSON,"[('Blaine', 'ORG'), ('James G.', 'PERSON'), ('Jamie', 'PERSON')]"
"Carnahan, John Russell",PERSON,"[('Carnahan', 'PERSON'), ('John Russell', 'PERSON')]"
"Webb, Linde",PERSON,"[('Linde', 'ORG')]"
"Benishek, Dan",PERSON,"[('Benishek', 'PERSON'), ('Dan', 'PERSON')]"
"DeJuliis, Connie Galiazzo",PERSON,"[('DeJuliis', 'PERSON'), ('Connie Galiazzo', 'PERSON')]"
"Keating, Barbara A.",PERSON,"[('Keating', 'GPE'), ('Barbara A.', 'PERSON')]"
"Flaherty, Peter F. (Pete)",PERSON,"[('Peter F. (', 'PERSON'), ('Pete', 'PERSON')]"
"Bright, Bobby",PERSON,"[('Bobby', 'PERSON')]"
"Bosco, Doug",PERSON,"[('Bosco', 'ORG'), ('Doug', 'PERSON')]"
"Tate, Randy J.",PERSON,"[('Tate', 'ORG'), ('Randy J.', 'PERSON')]"
"DeGette, Diana",PERSON,"[('DeGette', 'PERSON'), ('Diana', 'PERSON')]"
"Hughes, Reid",PERSON,"[('Hughes', 'ORG'), ('Reid', 'PERSON')]"
Non-Partisan League,ORG,"[('Non-Partisan League', 'ORG')]"
"Connors, Arlene Doris Pachesney (Arlene)",PERSON,"[('Arlene Doris Pachesney', 'PERSON'), ('Arlene', 'PERSON')]"
"Sullivan, Florence M.",PERSON,"[('Sullivan', 'PERSON'), ('Florence M.', 'PERSON')]"
"Clement, Robert Nelson (Bob)",PERSON,"[('Robert Nelson', 'PERSON'), ('Bob', 'PERSON')]"
"Allen, Tom",PERSON,"[('Allen', 'PERSON'), ('Tom', 'PERSON')]"
"O'Neal, David Cortland (Dave)",PERSON,"[(""O'Neal"", 'PERSON'), ('David Cortland', 'PERSON'), ('Dave', 'PERSON')]"
"Gash, Lauren Beth",PERSON,"[('Lauren Beth', 'PERSON')]"
"Walker, Beth",PERSON,"[('Beth', 'PERSON')]"
"Thomas, Robert Lindsay",PERSON,"[('Thomas', 'PERSON'), ('Robert Lindsay', 'PERSON')]"
"Bailey, Mike",PERSON,"[('Bailey', 'GPE'), ('Mike', 'PERSON')]"
"Ross, Henry",PERSON,"[('Ross', 'PERSON'), ('Henry', 'GPE')]"
"Brooks, Susan",PERSON,"[('Brooks', 'ORG'), ('Susan', 'PERSON')]"
"Cloud, Doug",PERSON,[]
"Margolies-Mezvinsky, Marjorie",PERSON,"[('Margolies-Mezvinsky', 'ORG'), ('Marjorie', 'PERSON')]"
"Carnahan, Russ",PERSON,"[('Carnahan', 'PERSON'), ('Russ', 'PERSON')]"
"Licht, Richard A.",PERSON,"[('Licht', 'GPE'), ('Richard A.', 'PERSON')]"
"Kurita, Rosalind",PERSON,[]
"St. Clair, Fred L.",PERSON,"[('Fred L.', 'PERSON')]"
Healthcare for America Now,ORG,"[('Healthcare for America Now', 'ORG')]"
"Canter, MacKenzie",PERSON,"[('Canter', 'ORG'), ('MacKenzie', 'ORG')]"
"Coon, Jon",PERSON,"[('Jon', 'PERSON')]"
Ken Fortenberry for Congress,ORG,"[('Ken Fortenberry', 'PERSON'), ('Congress', 'ORG')]"
"Sogg, Linda Rocker",PERSON,"[('Sogg', 'ORG'), ('Linda Rocker', 'PERSON')]"
Friends of Rowland,ORG,"[('Friends of Rowland', 'ORG')]"
"Kostmayer, Peter Houston",PERSON,"[('Kostmayer', 'ORG'), ('Peter Houston', 'PERSON')]"
"Asbury, Charles Theodore, Jr. (Ted)",PERSON,"[('Asbury', 'ORG'), ('Charles Theodore', 'PERSON'), ('Jr.', 'PERSON'), ('Ted', 'PERSON')]"
"McKibben, Larry",PERSON,"[('Larry', 'PERSON')]"
"Terrant, Richard Edward",PERSON,"[('Richard Edward', 'PERSON')]"
"Henry, Steve",PERSON,"[('Henry', 'GPE'), ('Steve', 'PERSON')]"
"Ribble, Reid",PERSON,"[('Reid', 'PERSON')]"
"Bucshon, Larry",PERSON,"[('Larry', 'PERSON')]"
"Birch, A. A.",PERSON,[]
"McGovern, James P. (Jim)",PERSON,"[('McGovern', 'ORG'), ('James P.', 'PERSON'), ('Jim', 'PERSON')]"
Illinois Women Vote!/EMILY's List,ORG,"[('Illinois', 'GPE'), ('Vote!/EMILY', 'DATE')]"
"Hunt, Bill",PERSON,"[('Hunt', 'PERSON'), ('Bill', 'PERSON')]"
"Studds, Gerry Eastman",PERSON,"[('Studds', 'ORG'), ('Gerry Eastman', 'PERSON')]"
"Hunt, Jim",PERSON,"[('Hunt', 'PERSON'), ('Jim', 'PERSON')]"
"Martin, Lynn Morley",PERSON,"[('Martin', 'ORG'), ('Lynn Morley', 'PERSON')]"
"Ryan, Tim",PERSON,"[('Ryan', 'PERSON'), ('Tim', 'PERSON')]"
"Campaigne, Tony",PERSON,"[('Tony', 'PERSON')]"
West Virginia,GPE,"[('West Virginia', 'GPE')]"
"Parker, Marshall Joyner",PERSON,"[('Parker', 'ORG'), ('Marshall Joyner', 'PERSON')]"
"Schrock, Edward (Ed)",PERSON,"[('Schrock', 'ORG'), ('Edward', 'PERSON'), ('Ed', 'PERSON')]"
"House, Art",PERSON,"[('House', 'ORG')]"
"Kelly, Scotty",PERSON,"[('Kelly', 'ORG')]"
"Holden, Thomas Timothy (Tim)",PERSON,"[('Thomas Timothy', 'PERSON'), ('Tim', 'PERSON')]"
Save Our Environment,ORG,[]
"Thomas, David",PERSON,"[('Thomas', 'PERSON'), ('David', 'PERSON')]"
"Grimm, Michael",PERSON,"[('Grimm', 'ORG'), ('Michael', 'PERSON')]"
"Franks, Gary",PERSON,"[('Gary', 'PERSON')]"
Jim Abbott for Congress,ORG,"[('Jim Abbott', 'PERSON'), ('Congress', 'ORG')]"
"Gullick, Carl",PERSON,"[('Gullick', 'ORG'), ('Carl', 'PERSON')]"
"Burns, Kevin",PERSON,"[('Kevin', 'PERSON')]"
"Stenberg, Donald A. (Don)",PERSON,"[('Stenberg', 'PERSON'), ('Donald A.', 'PERSON'), ('Don', 'PERSON')]"
"Mann, David S.",PERSON,"[('Mann', 'PERSON'), ('David S.', 'PERSON')]"
"Cooper, James Ralph",PERSON,"[('Cooper', 'PERSON'), ('James Ralph', 'PERSON')]"
"Miller, Ralph Bradley (Brad)",PERSON,"[('Miller', 'PERSON'), ('Ralph Bradley', 'PERSON'), ('Brad', 'PERSON')]"
"Synar, Michael Lynn (Mike)",PERSON,"[('Synar', 'GPE'), ('Michael Lynn', 'PERSON'), ('Mike', 'PERSON')]"
"Bayne, Floyd",PERSON,"[('Floyd', 'PERSON')]"
"McMillen, Thomas Charles (Tom)",PERSON,"[('McMillen', 'PERSON'), ('Thomas Charles', 'PERSON'), ('Tom', 'PERSON')]"
"Docking, Jill",PERSON,"[('Jill', 'PERSON')]"
Citizens for Reform,ORG,"[('Citizens for Reform', 'ORG')]"
"Bilirakis, Gus Michael",PERSON,"[('Gus Michael', 'PERSON')]"
"Paul, Rand",PERSON,"[('Paul', 'PERSON'), ('Rand', 'ORG')]"
"Holtz, Dan",PERSON,"[('Holtz', 'PERSON'), ('Dan', 'PERSON')]"
Citizens for Zwick,ORG,"[('Citizens for Zwick', 'ORG')]"
"Thomas, Randall",PERSON,"[('Thomas', 'PERSON'), ('Randall', 'PERSON')]"
"Campbell, Foster L., Jr.",PERSON,"[('Campbell', 'ORG'), ('Foster L., Jr.', 'PERSON')]"
"Chappie, Gene",PERSON,"[('Chappie', 'NORP')]"
"Heftel, Cecil",PERSON,"[('Heftel', 'ORG')]"
"Ferguson, Scott",PERSON,"[('Ferguson', 'ORG'), ('Scott', 'PERSON')]"
"Maffei, Daniel B. (Dan)",PERSON,"[('Maffei', 'GPE'), ('Daniel B.', 'PERSON'), ('Dan', 'PERSON')]"
"Larsen, Rick",PERSON,"[('Larsen', 'PERSON'), ('Rick', 'PERSON')]"
"Lightfoot, James Ross (Jim)",PERSON,"[('James Ross', 'PERSON'), ('Jim', 'PERSON')]"
South Dakota Republican Party,ORG,"[('South Dakota Republican Party', 'ORG')]"
"Tyson, Priscilla",PERSON,"[('Tyson', 'ORG'), ('Priscilla', 'ORG')]"
"Barela, Jon",PERSON,"[('Barela', 'PERSON'), ('Jon', 'PERSON')]"
"Stevenson, Adlai Ewing, III",PERSON,"[('Stevenson', 'PERSON'), ('Adlai Ewing', 'PERSON')]"
"Mahaffey, Mike",PERSON,"[('Mahaffey', 'PERSON'), ('Mike', 'PERSON')]"
House Democratic Caucus Fund,ORG,"[('House Democratic Caucus Fund', 'ORG')]"
"Ward, Jim",PERSON,"[('Jim', 'PERSON')]"
"Howard, Laurence Edward",PERSON,"[('Howard', 'PERSON'), ('Laurence Edward', 'PERSON')]"
"Steele, Michael S.",PERSON,"[('Steele', 'PERSON'), ('Michael S.', 'PERSON')]"
"Clark,  Joseph Sill",PERSON,"[('Clark', 'PERSON'), ('Joseph Sill', 'PERSON')]"
"Smith, Adrian",PERSON,"[('Smith', 'GPE'), ('Adrian', 'NORP')]"
"Keating, Kenneth Barnard",PERSON,"[('Keating', 'GPE'), ('Kenneth Barnard', 'PERSON')]"
"Didier, Clint",PERSON,"[('Clint', 'PERSON')]"
"Young, Jesse",PERSON,"[('Jesse', 'PERSON')]"
"Herwig, Phil",PERSON,"[('Herwig', 'ORG'), ('Phil', 'PERSON')]"
"Pike, Doug",PERSON,"[('Pike, Doug', 'ORG')]"
"Blagojevich, Milorad R. (Rod)",PERSON,"[('Blagojevich', 'GPE'), ('Milorad R.', 'PERSON'), ('Rod', 'PERSON')]"
"Garcia, Jos Antonio, Jr. (Joe)",PERSON,"[('Garcia', 'PERSON'), ('Jos Antonio', 'PERSON'), ('Jr.', 'PERSON'), ('Joe', 'PERSON')]"
"Lehman, Richard H.",PERSON,"[('Lehman', 'ORG'), ('Richard H.', 'PERSON')]"
"Rehberg, Dennis Ray (Denny)",PERSON,"[('Rehberg', 'PERSON'), ('Dennis Ray', 'PERSON'), ('Denny', 'GPE')]"
"Barnes, Mike",PERSON,"[('Mike', 'PERSON')]"
"McMahon, Linda",PERSON,"[('McMahon', 'PERSON'), ('Linda', 'PERSON')]"
"Anthony, Beryl Franklin, Jr.",PERSON,"[('Beryl Franklin', 'PERSON')]"
"Wilson, Charles",PERSON,"[('Wilson', 'ORG'), ('Charles', 'PERSON')]"
"Stallings, Richard Howard",PERSON,"[('Richard Howard', 'PERSON')]"
Nebraska,GPE,"[('Nebraska', 'GPE')]"
"Plowman, Deb",PERSON,"[('Plowman', 'NORP')]"
"Healy, Bernadine",PERSON,"[('Healy', 'GPE'), ('Bernadine', 'PERSON')]"
"Olson, Pete",PERSON,"[('Olson', 'ORG'), ('Pete', 'PERSON')]"
"Brown, Rick",PERSON,"[('Rick', 'PERSON')]"
"Brown, Steve",PERSON,"[('Steve', 'PERSON')]"
"Anderson, Tom H.",PERSON,"[('Anderson', 'PERSON'), ('Tom H.', 'PERSON')]"
"Coakley, Martha",PERSON,"[('Coakley', 'ORG'), ('Martha', 'PERSON')]"
"Barca, Peter Wiiliam",PERSON,"[('Peter Wiiliam', 'PERSON')]"
"Harris, Claude, Jr.",PERSON,"[('Harris', 'PERSON'), ('Claude', 'PERSON'), ('Jr.', 'PERSON')]"
"Burr, Richard Mauze",PERSON,"[('Richard Mauze', 'PERSON')]"
The Libertarian Party,ORG,"[('The Libertarian Party', 'ORG')]"
"Brindenstine, Jim",PERSON,"[('Jim', 'PERSON')]"
"Worley, Harold G.",PERSON,"[('Harold G.', 'PERSON')]"
"Brunner, Robert (Robert Charles)",PERSON,"[('Robert (Robert Charles', 'PERSON')]"
"Newton, Matt",PERSON,"[('Newton', 'ORG'), ('Matt', 'PERSON')]"
"D'Amico, Gerard",PERSON,"[(""D'Amico"", 'PERSON'), ('Gerard', 'PERSON')]"
Bivens for Senate,ORG,"[('Senate', 'ORG')]"
"Griffin, Richard",PERSON,"[('Griffin', 'GPE'), ('Richard', 'PERSON')]"
"Sakai, Peter",PERSON,"[('Sakai', 'ORG'), ('Peter', 'PERSON')]"
"Moody, Edward",PERSON,"[('Moody,', 'ORG'), ('Edward', 'PERSON')]"
"Cox, Clay",PERSON,[]
"Rokita, Theodore Edward (Todd)",PERSON,"[('Rokita', 'ORG'), ('Theodore Edward', 'PERSON')]"
"Aust, Gil",PERSON,"[('Gil', 'PERSON')]"
"Nachwalter, George M.",PERSON,"[('Nachwalter', 'ORG'), ('George M.', 'PERSON')]"
Edgington for Congress,ORG,"[('Edgington for Congress', 'ORG')]"
"Lanphier, David",PERSON,"[('Lanphier', 'ORG'), ('David', 'PERSON')]"
"Bevill, Tom",PERSON,"[('Bevill', 'ORG'), ('Tom', 'PERSON')]"
"Williams, Danny",PERSON,"[('Williams', 'PERSON'), ('Danny', 'PERSON')]"
"Godwin, Fred",PERSON,"[('Godwin', 'PERSON')]"
"Helms, Kate",PERSON,"[('Helms', 'PERSON'), ('Kate', 'PERSON')]"
"Langevin, James (Jim)",PERSON,"[('Langevin', 'PERSON'), ('James', 'PERSON'), ('Jim', 'PERSON')]"
"Black, Tim",PERSON,"[('Tim', 'PERSON')]"
"Andrews, Rob",PERSON,"[('Rob', 'PERSON')]"
"Lopez, Alma L.",PERSON,[]
"Klein, Herb",PERSON,"[('Herb', 'PERSON')]"
"Kleeb, Scott",PERSON,"[('Kleeb', 'ORG'), ('Scott', 'PERSON')]"
Law Enforcement Alliance of America,ORG,"[('Law Enforcement Alliance of America', 'ORG')]"
Republican State Committee of Washington,ORG,"[('Republican State Committee', 'ORG')]"
"Defaria, Ozzie",PERSON,[]
"Rice, James",PERSON,"[('Rice', 'PERSON'), ('James', 'PERSON')]"
"Bush, Prescott Sheldon, Jr.",PERSON,"[('Bush', 'PERSON'), ('Prescott Sheldon', 'PERSON')]"
"Kalk, Brain",PERSON,"[('Brain', 'ORG')]"
"Williams, Scott",PERSON,"[('Williams', 'PERSON'), ('Scott', 'PERSON')]"
"Deddeh, Wadie",PERSON,"[('Wadie', 'ORG')]"
"Swift, Allan Byron (Al)",PERSON,"[('Allan Byron', 'PERSON')]"
"Taylor, Clifford (Cliff)",PERSON,"[('Taylor', 'PERSON')]"
"Dhillon, Neil",PERSON,"[('Dhillon', 'ORG'), ('Neil', 'PERSON')]"
"Goodell, Charles Ellsworth",PERSON,"[('Goodell', 'ORG'), ('Charles Ellsworth', 'PERSON')]"
"East, John Porter",PERSON,"[('John Porter', 'PERSON')]"
"Snowe, Olympia Jean Bouchles",PERSON,"[('Snowe', 'ORG'), ('Olympia Jean Bouchles', 'PERSON')]"
"Grannis, Mark",PERSON,"[('Mark', 'PERSON')]"
"Mathis, James Dunn (Jimmy)",PERSON,"[('James Dunn', 'PERSON'), ('Jimmy', 'PERSON')]"
"Hefner, Willie Gathrel (Bill)",PERSON,"[('Hefner', 'ORG'), ('Willie Gathrel', 'PERSON'), ('Bill', 'PERSON')]"
"Waterman, Mignon",PERSON,"[('Mignon', 'GPE')]"
"Baker, Isabel",PERSON,"[('Baker', 'PERSON')]"
"Wassa, Tom",PERSON,"[('Tom', 'PERSON')]"
Florida Democratic Party,ORG,"[('Florida Democratic Party', 'ORG')]"
"Rodgers, Mark",PERSON,"[('Mark', 'PERSON')]"
"Montoya, Harry",PERSON,"[('Montoya', 'GPE'), ('Harry', 'PERSON')]"
"Warner, Russ",PERSON,"[('Warner', 'ORG'), ('Russ', 'PERSON')]"
"Keet, Jim",PERSON,"[('Keet', 'PERSON'), ('Jim', 'PERSON')]"
"Phillips, Thomas R. (Tom)",PERSON,"[('Phillips', 'ORG'), ('Thomas R.', 'PERSON'), ('Tom', 'PERSON')]"
Wes Riddle for Congress,ORG,"[('Wes Riddle', 'PERSON'), ('Congress', 'ORG')]"
"Rice, Tom",PERSON,"[('Rice', 'PERSON'), ('Tom', 'PERSON')]"
"Carlson, David",PERSON,"[('Carlson', 'PERSON'), ('David', 'PERSON')]"
"Rhodes, John Jacob",PERSON,"[('John Jacob', 'PERSON')]"
"Kleppe, Thomas Savig",PERSON,"[('Kleppe', 'ORG'), ('Thomas Savig', 'PERSON')]"
"Thomas, Craig Lyle",PERSON,"[('Thomas', 'PERSON'), ('Craig Lyle', 'PERSON')]"
"Blumenauer, Earl",PERSON,"[('Blumenauer', 'ORG'), ('Earl', 'PERSON')]"
"Roach, Pam",PERSON,"[('Roach', 'PERSON')]"
"McPhillips, Julian",PERSON,"[('Julian', 'NORP')]"
"Allard, A. Wayne",PERSON,"[('A. Wayne', 'PERSON')]"
"Specter, Arlen",PERSON,"[('Specter', 'PERSON'), ('Arlen', 'PERSON')]"
"Chandler, Rodney Dennis (Rod)",PERSON,"[('Chandler', 'PERSON'), ('Rodney Dennis', 'PERSON'), ('Rod', 'PERSON')]"
"Flake, Jeffrey Lane (Jeff)",PERSON,"[('Jeffrey Lane', 'PERSON'), ('Jeff', 'PERSON')]"
"Rhodes, James Allen (Jim)",PERSON,"[('James Allen', 'PERSON'), ('Jim', 'PERSON')]"
"Thomas, Patsy",PERSON,"[('Thomas', 'PERSON'), ('Patsy', 'PERSON')]"
"Kelley, Kevin",PERSON,"[('Kelley', 'PERSON'), ('Kevin', 'PERSON')]"
"Schaffer, Robert W. (Bob)",PERSON,"[('Robert W. (', 'PERSON'), ('Bob', 'PERSON')]"
"Peden, Michael",PERSON,"[('Peden', 'GPE'), ('Michael', 'PERSON')]"
Bill Hafner for Congress,ORG,"[('Bill Hafner', 'PERSON'), ('Congress', 'ORG')]"
"Brown, George Hanks (Hank)",PERSON,"[('George Hanks', 'PERSON')]"
"Griffin, Bob",PERSON,"[('Griffin', 'GPE'), ('Bob', 'PERSON')]"
"Taylor, Van",PERSON,"[('Taylor', 'PERSON'), ('Van', 'PERSON')]"
"Richardson, Hubert Leon (H.L.)",PERSON,"[('Richardson', 'PERSON'), ('Hubert Leon', 'PERSON'), ('H.L.', 'ORG')]"
"Rothman, Steve",PERSON,"[('Rothman', 'ORG'), ('Steve', 'PERSON')]"
Republican Education Fund,ORG,"[('Republican Education Fund', 'ORG')]"
"Weiss, Patty",PERSON,"[('Weiss', 'ORG'), ('Patty', 'PERSON')]"
You're Fired - A 527 Political Organization,ORG,[]
"Roskam, Peter",PERSON,"[('Roskam', 'PERSON'), ('Peter', 'PERSON')]"
Public Campaign and Campaign for America's Future,ORG,"[(""Public Campaign and Campaign for America's"", 'ORG')]"
"Lonegan, Steve",PERSON,"[('Lonegan', 'ORG'), ('Steve', 'PERSON')]"
"Hyatt, Joel",PERSON,[]
"Schneider, Tom",PERSON,"[('Tom', 'PERSON')]"
"Beaudry, Bob",PERSON,"[('Beaudry', 'ORG'), ('Bob', 'PERSON')]"
"Sebring, Dan",PERSON,"[('Dan', 'PERSON')]"
"Thomas, Trevor",PERSON,"[('Thomas', 'PERSON')]"
"Boozman, John",PERSON,"[('Boozman', 'GPE'), ('John', 'PERSON')]"
"Galbraith, Jim",PERSON,"[('Galbraith', 'PERSON'), ('Jim', 'PERSON')]"
"Maloney, James H. (Jim)",PERSON,"[('Maloney', 'ORG'), ('James H.', 'PERSON'), ('Jim', 'PERSON')]"
"Shays, Christopher H. ",PERSON,"[('Christopher H.', 'PERSON')]"
"Harnett, Tommy",PERSON,"[('Tommy', 'PERSON')]"
Alaskan Independence Pary,PARTY,"[('Alaskan', 'NORP')]"
"Davis, Phil",PERSON,"[('Davis', 'PERSON'), ('Phil', 'PERSON')]"
"McGoff, John",PERSON,"[('McGoff', 'PERSON'), ('John', 'PERSON')]"
"Hathaway, James",PERSON,"[('Hathaway', 'ORG'), ('James', 'PERSON')]"
"Knorr, Gene",PERSON,"[('Knorr', 'PERSON'), ('Gene', 'PERSON')]"
"Miller, Rob",PERSON,"[('Miller', 'ORG'), ('Rob', 'PERSON')]"
"Jurtz, Walter",PERSON,"[('Jurtz', 'ORG'), ('Walter', 'PERSON')]"
"Davison, Renee Forgensi",PERSON,"[('Davison', 'PERSON'), ('Renee Forgensi', 'PERSON')]"
"Buchmann, George",PERSON,"[('Buchmann', 'PERSON'), ('George', 'PERSON')]"
"Rausch, Jim",PERSON,"[('Rausch', 'PERSON'), ('Jim', 'PERSON')]"
"Schweitzer, Brian",PERSON,"[('Schweitzer', 'PERSON'), ('Brian', 'PERSON')]"
"Quinn, Robert E. (Bob)",PERSON,"[('Quinn', 'GPE'), ('Robert E. (', 'PERSON'), ('Bob', 'PERSON')]"
"McMullen, Jack",PERSON,"[('Jack', 'PERSON')]"
"Dunbar, Forrest",PERSON,"[('Dunbar', 'GPE'), ('Forrest', 'PERSON')]"
"Paxon, William L. (Bill)",PERSON,"[('Paxon', 'ORG'), ('William L.', 'PERSON'), ('Bill', 'PERSON')]"
"Neal, Stephen Lybrook (Steve)",PERSON,"[('Stephen Lybrook', 'PERSON'), ('Steve', 'PERSON')]"
"Sharpless, John",PERSON,"[('John', 'PERSON')]"
"McCormack, Edward J., III (Ed)",PERSON,"[('Edward J., III', 'PERSON'), ('Ed', 'PERSON')]"
"Herseth, Stephanie",PERSON,"[('Herseth', 'GPE'), ('Stephanie', 'ORG')]"
"Crowder, Barb",PERSON,"[('Crowder', 'ORG'), ('Barb', 'PERSON')]"
"Schwartzer, Gerri",PERSON,"[('Gerri', 'PERSON')]"
"Carey, John",PERSON,"[('Carey', 'PERSON'), ('John', 'PERSON')]"
Arkansas Republican Party,ORG,"[('Arkansas Republican Party', 'ORG')]"
"Hopkins, Stephen",PERSON,"[('Stephen', 'GPE')]"
"LaTourette, Steven C. (Steve)",PERSON,"[('LaTourette', 'PERSON'), ('Steven C.', 'PERSON'), ('Steve', 'PERSON')]"
Utah,GPE,"[('Utah', 'GPE')]"
"Vallen, Ed",PERSON,"[('Vallen', 'PERSON'), ('Ed', 'PERSON')]"
"Wicker, Roger Frederick",PERSON,"[('Roger Frederick', 'PERSON')]"
Democratic Party of South Carolina,ORG,"[('Democratic Party of South Carolina', 'ORG')]"
"Townsend, Sharon",PERSON,"[('Sharon', 'PERSON')]"
"Levin, Murray",PERSON,"[('Levin, Murray', 'PERSON')]"
"Vogt, Linda",PERSON,"[('Linda', 'PERSON')]"
"Kindness, Thomas Norman (Tom)",PERSON,"[('Kindness', 'PERSON'), ('Thomas Norman', 'PERSON'), ('Tom', 'PERSON')]"
"Tarkanian, Danny (Tark)",PERSON,"[('Tarkanian', 'PERSON'), ('Danny (Tark', 'PERSON')]"
"Kripke, Dan",PERSON,"[('Dan', 'PERSON')]"
"Parker, Vernon",PERSON,"[('Parker', 'ORG'), ('Vernon', 'ORG')]"
"Garn, Kevin",PERSON,"[('Kevin', 'PERSON')]"
"Bartlett, Dewey Follett",PERSON,"[('Bartlett', 'PERSON'), ('Dewey Follett', 'PERSON')]"
Jack Lugar for Congress,ORG,"[('Jack Lugar', 'PERSON'), ('Congress', 'ORG')]"
"Morales, Victor",PERSON,"[('Victor', 'PERSON')]"
"Chapin, Linda",PERSON,"[('Chapin', 'GPE'), ('Linda', 'PERSON')]"
"Hayworth, John David, Jr. (J.D.)",PERSON,"[('Hayworth', 'PERSON'), ('John David', 'PERSON'), ('Jr.', 'PERSON'), ('J.D.', 'GPE')]"
"Marks, Patricia",PERSON,"[('Marks', 'ORG'), ('Patricia', 'PERSON')]"
"Perry, Scott",PERSON,"[('Scott', 'PERSON')]"
"Quayle, Ben",PERSON,"[('Quayle', 'PERSON'), ('Ben', 'PERSON')]"
"Mrazek, Robert J.",PERSON,"[('Mrazek', 'PERSON'), ('Robert J.', 'PERSON')]"
"Malone, Joseph D. (Joe)",PERSON,"[('Joseph D. (', 'PERSON'), ('Joe', 'PERSON')]"
"D'Annunzio, Tim",PERSON,"[(""D'Annunzio"", 'ORG'), ('Tim', 'PERSON')]"
Cheney for Wyoming,ORG,"[('Cheney', 'PERSON'), ('Wyoming', 'GPE')]"
"Pendell, George",PERSON,"[('Pendell', 'ORG'), ('George', 'PERSON')]"
"McManus, Don",PERSON,"[('McManus', 'PERSON'), ('Don', 'PERSON')]"
"Dayton, Mark",PERSON,"[('Dayton', 'ORG'), ('Mark', 'PERSON')]"
Friends of Steven Welch,ORG,"[('Steven Welch', 'PERSON')]"
"McFarland, J. Ruth",PERSON,"[('McFarland', 'GPE'), ('J. Ruth', 'PERSON')]"
"Moffett, Anthony John, Jr. (Toby)",PERSON,"[('Moffett', 'PERSON'), ('Anthony John', 'PERSON'), ('Jr.', 'PERSON')]"
"Marcum, Fran",PERSON,[]
"Diedrich, Larry",PERSON,"[('Larry', 'PERSON')]"
"Wanggaard, Van",PERSON,"[('Wanggaard', 'ORG'), ('Van', 'PERSON')]"
"Christian, Alvin",PERSON,"[('Christian', 'NORP')]"
"Litton, Jerry Lon",PERSON,"[('Litton', 'GPE'), ('Jerry Lon', 'PERSON')]"
"Cooper, John Sherman",PERSON,"[('Cooper', 'PERSON'), ('John Sherman', 'PERSON')]"
"Bruggere, Tom",PERSON,"[('Tom', 'PERSON')]"
"Sandoval, Delores",PERSON,"[('Delores', 'GPE')]"
"Crawford, Harry",PERSON,"[('Crawford', 'ORG'), ('Harry', 'PERSON')]"
"Hancock, James B.",PERSON,"[('James B.', 'PERSON')]"
"Hart, Philip Aloysius",PERSON,"[('Hart', 'ORG'), ('Philip Aloysius', 'PERSON')]"
"Norton, Eleanor Holmes",PERSON,"[('Norton', 'ORG'), ('Eleanor Holmes', 'PERSON')]"
"Crawford, Rick",PERSON,"[('Crawford', 'ORG'), ('Rick', 'PERSON')]"
"Butler, Carl",PERSON,"[('Butler', 'ORG'), ('Carl', 'PERSON')]"
"Lawless, Jennifer L.",PERSON,"[('Jennifer L.', 'PERSON')]"
"Kelley, Frank Joseph",PERSON,"[('Kelley', 'PERSON'), ('Frank Joseph', 'PERSON')]"
"Gibson, Christopher P. (Chris)",PERSON,"[('Gibson', 'PERSON'), ('Christopher P.', 'PERSON'), ('Chris', 'PERSON')]"
"Gibbons, Sam Melville",PERSON,"[('Sam Melville', 'PERSON')]"
"Kuster, Ann McLane",PERSON,"[('Kuster', 'PERSON'), ('Ann McLane', 'PERSON')]"
"Griffith, Morgan",PERSON,"[('Morgan', 'PERSON')]"
"Orloski, Richard (Rick)",PERSON,"[('Orloski', 'ORG'), ('Richard', 'PERSON'), ('Rick', 'PERSON')]"
"Fitzpatrick, Thomas M.",PERSON,"[('Fitzpatrick', 'PERSON'), ('Thomas M.', 'PERSON')]"
"Williams, Roger",PERSON,"[('Williams', 'PERSON'), ('Roger', 'PERSON')]"
"Pollard, Tommy",PERSON,"[('Tommy', 'GPE')]"
"Smith, Albert Lee, Jr.",PERSON,"[('Smith', 'GPE'), ('Albert Lee, Jr.', 'PERSON')]"
"Lucus, Frank",PERSON,"[('Lucus, Frank', 'ORG')]"
"Wecht, Cyril H.",PERSON,"[('Wecht', 'ORG'), ('Cyril H.', 'PERSON')]"
"Baldacci, John Elias",PERSON,"[('John Elias', 'PERSON')]"
"Aaron, Ann Marie",PERSON,"[('Aaron', 'PERSON'), ('Ann Marie', 'PERSON')]"
"Weicker, Lowell Palmer, Jr.",PERSON,"[('Lowell Palmer', 'PERSON')]"
"Manian, Victor",PERSON,"[('Manian', 'NORP'), ('Victor', 'PERSON')]"
"McClure, James Albertus (Jim)",PERSON,"[('James Albertus', 'PERSON'), ('Jim', 'PERSON')]"
"Long, Glynn",PERSON,"[('Glynn', 'GPE')]"
"Friend Jr., Kelsey",PERSON,"[('Friend Jr.', 'ORG'), ('Kelsey', 'GPE')]"
"Hanabusa, Colleen",PERSON,"[('Colleen', 'PERSON')]"
"Yarbrough, Steve",PERSON,"[('Yarbrough', 'GPE'), ('Steve', 'PERSON')]"
Freedom's Watch,ORG,[]
Texas Victory 2002,ORG,"[('Texas', 'GPE'), ('2002', 'DATE')]"
"VanderLaan, Robert",PERSON,"[('VanderLaan', 'ORG'), ('Robert', 'PERSON')]"
"Waldman, Ben",PERSON,"[('Waldman', 'ORG'), ('Ben', 'PERSON')]"
"Staggers, Harley",PERSON,"[('Harley', 'ORG')]"
Case for Hawaii,ORG,"[('Hawaii', 'GPE')]"
"Spanel, Harriet",PERSON,[]
"Bagnal, Anne Broyles",PERSON,"[('Anne Broyles', 'PERSON')]"
"Bailey, Brad",PERSON,"[('Bailey', 'GPE'), ('Brad', 'PERSON')]"
"Sherck, James R.",PERSON,"[('Sherck', 'ORG'), ('James R.', 'PERSON')]"
"Andrews, Thomas H.",PERSON,"[('Thomas H.', 'PERSON')]"
"Walson, Jeff",PERSON,"[('Jeff', 'PERSON')]"
